plot,longitude,latitude,gmap,RFL_CONC,tminave01c,tminave07c,Elevation30m,HeatLoadIndex30m,tmean13c,SoilConductivitymSm,SoilTotalNPercent,Agavaceae,Aizoaceae,Amaranthaceae,Amaryllidaceae,Anacardiaceae,Apiaceae,Apocynaceae,Asparagaceae,Asphodelaceae,Asteraceae,Brassicaceae,Campanulaceae,Caryophyllaceae,Colchicaceae,Convallariaceae,Convolvulaceae,Crassulaceae,Cyperaceae,Ebenaceae,Ericaceae,Euphorbiaceae,Fabaceae,Geraniaceae,Hyacinthaceae,Hyancinthaceae,Iridaceae,Lamiaceae,Linaceae,Lobeliaceae,Loranthaceae,Malvaceae,Melianthaceae,Molluginaceae,Montiniaceae,Oleaceae,Orchidaceae,Oxalidaceae,Plantaginaceae,Poaceae,Polygalaceae,Proteaceae,Restionaceae,Rhamnaceae,Rosaceae,Rubiaceae,Santalaceae,Sapindaceae,Scrophulariaceae,Solanaceae,Thymelaeaceae,Viscaceae,Zygophyllaceae
HTR_1,19.29291667,-31.49552778,255,43.4,14,4.599999905,768,215,17.20000076,34.11567307,0.126553819,0,47.5,0,0,0,0,0,2.5,0,18.75,2.5,2.5,0,0,0,0,2.5,0,0,0,0,0,0,0,0,0,0,0,0,0,0,0,0,0,0,0,0,0,0,0,0,0,0,0,0,0,0,0,0,0,0,0
HTR_1_ak,19.77230556,-31.45022222,198,30.1,13.10000038,3.400000095,1022,214,16.20000076,39.95227051,0.118855298,0,2.5,0,0,0,0,0,0,2.5,37.5,0,0,0,0,0,0,2.5,0,0,0,2.5,0,0,2.5,0,0,0,0,0,0,0,0,0,0,0,0,5,0,7.5,0,0,0,0,0,0,0,0,5,2.5,0,0,0
HTR_1_nieu,19.03465,-31.28217,387,44.3,13.89999962,5.300000191,805,215,17.20000076,22.21590042,0.064659141,0,0,0,0,0,0,0,0,0,3,0,0,0,0,0,0,0,2.5,0,2,0,0,0.5,0,0,0,0,1,0,0,0.5,0,0,0,0,0,0.7,0,8.8,0.5,41,10,0,8,0,0,0,0,0,0.5,0,0
HTR_10,19.44197222,-31.43983333,219,30.1,14.30000019,3.900000095,888,216,17.29999924,35.32637405,0.100726008,0,5,0,0,0,0,0,0,0,0,37.5,0,0,0,0,0,0,0,0,0,0,18.75,0,0,0,0,0,0,0,0,0,0,0,0,0,0,0,0,0,0,0,0,0,0,0,0,0,0,0,0,0,0
HTR_10_ak,19.77711111,-31.44125,229,30.1,12.89999962,2.400000095,1057,212,15.89999962,64.09658051,0.077641219,2.5,5,0,2.5,0,0,0,2.5,0,42.5,0,0,0,0,0,0,2.5,0,0,0,0,2.5,2.5,2.5,0,0,0,0,0,0,5,0,0,0,0,0,5,0,5,0,0,0,0,0,0,0,0,2.5,2.5,0,0,0
HTR_100_ak,19.77755556,-31.40775,224,30.1,11.89999962,1.5,1132,191,14.89999962,26.60407829,0.071878642,0,2.5,0,0,0,0,0,0,0,40,0,0,0,0,0,0,0,0,0,0,0,0,0,0,0,0,0,0,0,0,2.5,0,0,0,0,0,5,0,15,0,0,0,0,0,0,0,0,2.5,2.5,0,0,0
HTR_101,20.07105556,-31.79638889,253,16.3,11.89999962,0.300000012,1329,209,14.39999962,55.78413391,0.165107459,0,2.5,0,0,0,0,0,0,0,5,0,0,0,0,0,0,0,0,0,0,0,0,0,0,0,0,0,0,0,0,0,0,0,0,0,0,0,0,0,0,0,0,0,0,0,0,0,0,0,0,0,0
HTR_102,20.05358333,-31.73122222,244,20.9,12.10000038,0.600000024,1216,219,14.69999981,58.10430145,0.096331827,0,2.5,0,0,0,0,0,0,0,13.75,2.5,0,0,0,0,0,0,0,0,0,0,0,0,0,0,0,0,0,0,0,0,0,0,0,0,0,0,0,8.75,0,0,0,0,0,0,0,0,0,0,0,0,0
HTR_103,20.01769444,-31.68766667,228,20.9,12.60000038,1,1182,217,15.10000038,46.32350159,0.078762121,0,10,0,0,0,0,0,0,0,15,0,0,0,0,0,0,0,0,0,0,2.5,0,0,0,0,0,0,0,0,0,0,0,0,0,0,0,0,0,2.5,0,0,0,0,0,0,0,0,0,0,0,0,0
HTR_107,20.03194444,-32.34238889,224,27.5,18.70000076,5.300000191,415,217,19.89999962,58.21701813,0.057997543,0,5,0,0,0,0,0,0,0,5,0,0,0,0,0,0,0,0,0,0,0,0,0,0,0,0,0,0,0,0,0,0,0,0,0,0,0,0,2.5,0,0,0,0,0,0,0,0,0,0,0,0,2.5
HTR_108,20.01313889,-32.37947222,202,27.5,18.79999924,5.300000191,394,213,19.89999962,57.59579849,0.061086502,0,7.5,0,0,0,0,0,0,0,5,0,0,0,0,0,0,0,0,0,0,0,0,0,0,0,0,0,0,0,0,0,0,0,0,0,0,0,0,0,0,0,0,0,0,0,0,0,0,0,0,0,5
HTR_109,20.01305556,-32.38008333,202,27.5,18.79999924,5.300000191,392,217,19.89999962,57.59579849,0.061086502,0,7.5,0,0,0,0,0,0,0,5,0,0,0,0,0,0,0,0,0,0,0,0,0,0,0,0,0,0,0,0,0,0,0,0,0,0,0,0,2.5,0,0,0,0,0,0,0,0,0,0,0,0,5
HTR_11,19.49883333,-31.44922222,216,30.1,14.5,4,850,216,17.39999962,54.5735817,0.105275698,0,7.5,2.5,0,0,0,0,0,0,12.5,0,0,0,0,0,0,0,0,0,0,0,0,0,0,0,0,0,0,0,0,0,0,0,0,0,0,0,0,0,0,0,0,0,0,0,0,0,0,0,0,0,2.5
HTR_11_ak,19.77502778,-31.44177778,198,30.1,13.10000038,3.299999952,1052,208,16.20000076,64.09658051,0.077641219,0,5,0,0,17.5,2.5,0,0,0,12.5,0,0,0,0,0,0,0,2.5,2.5,0,0,0,0,0,0,0,2.5,0,0,0,0,2.5,0,0,0,0,2.5,0,7.5,0,0,0,0,0,0,0,0,0,2.5,0,0,0
HTR_111,19.81058333,-32.59461111,117,27.5,18.60000038,5.599999905,396,219,19.60000038,41.48771667,0.076146521,0,2.5,0,0,0,0,0,0,0,0,0,0,0,0,0,0,0,0,0,0,0,0,0,0,0,0,0,0,0,0,0,0,0,0,0,0,0,0,5,0,0,0,0,0,0,0,0,0,0,0,0,2.5
HTR_112,19.75802778,-32.65141667,176,27.5,17.89999962,5.199999809,449,214,19.20000076,48.56225204,0.060087644,0,2.5,0,0,0,0,0,0,0,0,0,0,0,0,0,0,0,0,0,0,2.5,0,0,0,0,0,0,0,0,0,0,0,0,0,0,0,0,0,2.5,0,0,0,0,0,0,0,0,0,0,0,0,0
HTR_113,19.69261111,-32.60125,224,27.5,18.10000038,5.300000191,439,216,19.39999962,36.53829193,0.06805966,0,2.5,0,0,0,0,0,0,0,0,0,0,0,0,0,0,0,0,0,0,2.5,0,0,0,0,0,0,0,0,0,0,0,0,0,0,0,0,0,0,0,0,0,0,0,0,0,0,0,0,0,0,5
HTR_114,19.69163889,-32.56802778,206,27.5,18.5,5.199999809,425,216,19.79999924,44.28024292,0.060873687,0,2.5,0,0,0,0,0,0,0,0,0,0,0,0,0,0,0,0,0,0,0,0,0,0,0,0,0,0,0,0,0,0,0,0,0,0,0,0,2.5,0,0,0,0,0,0,0,0,0,0,0,0,5
HTR_116,19.66222222,-32.46063889,143,27.5,18.79999924,5.400000095,401,214,20,40.83544159,0.055984829,0,0,0,0,0,0,0,0,0,0,0,0,0,0,0,0,0,0,0,0,0,0,0,0,0,0,0,0,0,0,0,0,0,0,0,0,0,0,2.5,0,0,0,0,0,0,0,0,0,0,0,0,2.5
HTR_117,19.70561111,-32.21780556,140,27.5,18.39999962,6,359,214,19.89999962,32.30290604,0.066023871,0,5,0,0,0,0,0,0,0,5,0,0,0,0,0,0,0,0,0,0,0,0,0,0,0,0,0,0,0,0,0,0,0,0,0,0,0,0,2.5,0,0,0,0,0,0,0,0,0,0,0,0,0
HTR_119,19.736,-31.97680556,223,35.3,18.29999924,5.5,421,197,19.89999962,16.31515694,0.065458454,0,2.5,2.5,0,0,0,2.5,0,0,5,0,0,0,0,0,0,0,0,0,0,2.5,0,0,0,0,0,0,0,0,0,0,0,0,0,0,0,0,0,0,0,0,0,0,0,0,0,0,0,0,0,0,2.5
HTR_12,19.50583333,-31.41716667,214,30.1,14.5,3.700000048,906,216,17.39999962,42.14774323,0.093657583,0,7.5,2.5,0,0,0,0,0,0,5,2.5,0,0,0,0,0,0,0,0,0,0,2.5,2.5,0,0,0,0,0,0,0,0,0,0,0,0,0,0,0,2.5,0,0,0,0,0,0,0,0,0,0,0,0,0
HTR_12_ak,19.77513889,-31.44252778,209,30.1,13.10000038,3.299999952,1047,215,16.20000076,64.09658051,0.077641219,0,2.5,0,0,2.5,2.5,0,0,0,20,0,0,0,0,0,0,0,15,2.5,0,0,0,0,0,0,0,0,0,0,0,2.5,0,0,0,0,0,5,0,2.5,0,0,0,0,0,0,0,0,0,2.5,0,0,0
HTR_120,19.87325,-32.02397222,278,36.4,17.79999924,5,544,218,19.70000076,34.03996277,0.060294144,0,5,0,0,0,0,0,0,0,12.5,0,0,0,0,0,0,0,0,0,0,0,0,0,0,0,0,0,0,0,0,0,0,0,0,0,0,0,0,0,0,0,0,0,0,0,0,0,0,0,0,0,0
HTR_121,19.96238889,-32.42083333,193,27.5,18.89999962,5.5,446,215,20,47.11343002,0.076614305,0,2.5,0,0,0,0,0,0,0,0,0,0,0,0,0,0,0,0,0,0,0,0,0,0,0,0,0,0,0,0,0,0,0,0,0,0,0,0,2.5,0,0,0,0,0,0,0,0,0,0,0,0,2.5
HTR_122,20.03822222,-32.4155,201,27.4,18.70000076,5.300000191,412,215,19.89999962,35.51200104,0.078029573,0,2.5,0,0,0,0,0,0,0,0,0,0,0,0,0,0,0,0,0,0,0,0,0,0,0,0,0,0,0,0,0,0,0,0,0,0,0,0,7.5,0,0,0,0,0,0,0,0,0,0,0,0,0
HTR_123,20.10819444,-32.43813889,137,27.4,17.60000038,5,448,219,19.20000076,38.46165848,0.061960608,0,10,0,0,0,0,0,0,0,5,0,0,0,0,0,0,0,0,0,0,0,0,0,0,0,0,0,0,0,0,0,0,0,0,0,0,0,0,0,0,0,0,0,0,0,0,0,0,0,0,0,2.5
HTR_124,20.13980556,-32.45633333,120,27.4,16.70000076,4.800000191,450,215,18.60000038,49.83134079,0.068217181,0,13.75,0,0,0,0,0,0,0,5,0,0,0,0,0,0,0,0,0,0,0,0,0,0,0,0,0,0,0,0,0,0,0,0,0,0,0,0,0,0,0,0,0,0,0,0,0,0,0,0,0,2.5
HTR_126,20.23936111,-32.51869444,199,24.2,16.39999962,4.699999809,499,217,18.5,22.4518795,0.094656691,0,20,0,0,0,0,0,0,0,7.5,0,0,0,0,0,0,0,0,0,0,0,0,0,0,0,0,0,0,0,0,0,0,0,0,0,0,0,0,0,0,0,0,0,0,0,0,0,0,0,0,0,0
HTR_127,20.27505556,-32.55941667,199,24.5,15.60000038,4.300000191,522,205,18.10000038,23.70763969,0.090365253,0,2.5,0,0,2.5,0,0,2.5,0,5,0,0,0,0,0,0,0,0,0,0,0,0,2.5,0,0,0,0,0,0,0,0,0,0,18.75,0,0,0,0,2.5,0,0,0,0,0,0,2.5,0,0,0,0,0,0
HTR_13,19.52522222,-31.39297222,216,35.2,14.39999962,3.700000048,906,217,17.29999924,41.97841263,0.10080573,0,5,0,0,0,0,0,2.5,0,17.5,0,0,0,0,0,0,0,0,0,0,0,0,2.5,0,0,0,0,0,0,0,0,0,0,0,0,0,0,0,2.5,0,0,0,0,0,0,0,0,0,0,0,0,0
HTR_13_ak,19.77516667,-31.44338889,209,30.1,13.10000038,3.299999952,1050,219,16.20000076,64.09658051,0.077641219,0,15,0,0,0,0,0,2.5,2.5,12.5,0,0,2.5,0,0,0,7.5,0,0,0,0,2.5,0,2.5,0,2.5,0,0,0,0,2.5,0,0,0,0,0,2.5,0,15,0,0,0,0,0,0,0,0,2.5,0,0,0,0
HTR_130,20.55925,-32.84052778,201,20.9,12.69999981,2.400000095,908,216,15.19999981,7.645504475,0.100350372,0,2.5,0,0,0,0,0,2.5,0,17.5,0,0,0,0,0,0,0,0,0,0,0,0,0,0,0,0,0,0,0,0,0,0,0,0,0,0,0,0,2.5,0,0,0,0,0,0,0,0,0,0,0,0,0
HTR_131,20.56094444,-32.88775,235,15.3,11.89999962,1.700000048,1104,220,14.5,7.006481171,0.137282982,0,2.5,0,0,0,0,0,2.5,0,20,0,0,0,0,0,0,0,0,0,0,0,0,2.5,0,0,0,0,0,0,0,0,0,0,0,0,0,0,0,5,2.5,0,0,0,0,0,0,0,0,0,0,0,0
HTR_133,20.57175,-32.55863889,220,24.5,10.60000038,0.600000024,1080,229,13.30000019,10.64356232,0.125708207,0,2.5,0,0,0,0,0,2.5,0,10,0,0,0,0,0,0,0,0,0,0,0,0,0,0,0,2.5,0,0,0,0,0,0,0,0,0,0,0,0,0,0,0,0,0,0,0,0,0,0,0,0,0,0
HTR_14,19.51844444,-31.34736111,209,35.2,14.80000019,4,759,205,17.70000076,52.71474457,0.134339631,0,2.5,0,0,0,0,0,0,0,10,0,0,0,0,0,0,0,0,0,0,5,0,0,0,0,0,0,0,0,0,0,0,0,0,0,0,0,0,2.5,0,0,0,0,0,0,0,0,0,0,0,0,0
HTR_14_ak,19.78425,-31.43394444,229,30.1,12.89999962,2.400000095,1040,210,15.89999962,68.8274765,0.077793866,2.5,17.5,0,0,0,0,0,0,0,22.5,2.5,0,2.5,0,0,0,2.5,0,0,0,0,2.5,0,0,0,2.5,0,0,0,0,5,0,0,0,0,0,2.5,0,5,0,0,0,0,0,0,0,0,2.5,0,0,0,0
HTR_144,20.1245,-31.97530556,290,13.5,12.30000019,0.600000024,1195,219,14.80000019,26.86166382,0.17352353,0,2.5,0,0,0,0,0,0,0,15,0,0,0,0,0,0,0,0,0,0,0,0,0,0,0,0,2.5,0,0,0,0,0,0,0,0,0,0,0,7.5,0,0,0,0,0,0,0,0,5,0,0,0,0
HTR_145,20.07858333,-31.97405556,282,13.5,12.10000038,0.5,1237,220,14.60000038,22.23164558,0.171657577,0,2.5,0,0,0,0,0,0,0,7.5,0,0,0,0,0,0,0,0,0,0,0,0,2.5,0,0,0,0,0,0,0,0,0,0,0,0,0,0,0,7.5,0,0,0,0,0,0,0,0,0,0,0,0,0
HTR_146,20.048,-31.976,273,13.5,12.19999981,0.699999988,1269,208,14.69999981,19.29860306,0.138822362,0,0,0,0,0,0,0,2.5,0,12.5,0,0,0,0,0,0,0,0,0,0,0,0,0,0,0,0,0,0,0,0,0,0,0,0,0,0,0,0,37.5,0,0,0,0,0,0,0,0,0,0,0,0,0
HTR_147,20.03988889,-31.97133333,274,13.5,11.89999962,0.5,1291,208,14.5,20.81094742,0.135843322,0,0,0,0,0,0,0,0,0,20,2.5,0,0,0,0,0,0,0,0,0,0,0,0,0,0,0,0,0,0,0,0,0,0,0,0,0,0,0,5,0,0,0,0,0,0,0,0,0,0,2.5,0,0
HTR_148,20.01361111,-31.95183333,299,13.5,11.89999962,0.400000006,1323,204,14.5,15.83859062,0.140004486,0,0,0,0,0,0,0,0,0,10,0,0,0,0,0,0,0,0,0,0,0,0,0,0,0,0,0,0,0,0,0,0,0,0,0,0,0,0,13.75,0,0,0,0,0,0,0,0,0,0,0,0,0
HTR_149,20.01891667,-31.84180556,300,35.3,11.19999981,-0.100000001,1373,215,13.80000019,17.97650909,0.138979271,0,0,0,0,0,0,0,0,0,15,0,0,0,0,0,0,0,0,2.5,0,0,0,0,0,0,0,0,0,0,0,2.5,0,0,0,0,0,0,0,2.5,0,0,0,0,0,0,0,0,0,0,0,0,0
HTR_15,19.46138889,-31.30711111,194,35.2,14.89999962,4.800000191,641,237,18.5,33.6413002,0.089212544,0,7.5,0,0,0,0,0,0,0,10,0,0,0,0,0,0,0,0,0,0,5,0,0,0,0,0,0,0,0,0,0,0,0,0,0,0,0,0,0,0,0,0,0,0,0,2.5,0,0,0,0,0,2.5
HTR_15_ak,19.78344444,-31.43402778,229,30.1,12.89999962,2.400000095,1040,210,15.89999962,68.8274765,0.077793866,2.5,5,0,0,0,0,0,0,0,17.5,2.5,0,0,0,0,0,0,0,0,0,0,2.5,0,0,0,2.5,2.5,0,0,2.5,0,0,0,0,0,0,0,2.5,0,0,0,0,0,0,0,0,2.5,0,2.5,0,0,0
HTR_150,19.96708333,-31.78252778,261,35.3,11.80000019,0.5,1205,219,14.39999962,43.42948532,0.130443811,0,2.5,0,0,0,0,0,0,0,7.5,0,0,0,0,0,0,0,0,0,0,0,0,0,0,0,0,0,0,0,0,2.5,0,0,0,0,0,0,0,2.5,0,0,0,0,0,0,0,0,0,0,0,0,0
HTR_151,19.95872222,-31.74352778,216,20.9,11.80000019,0.5,1171,220,14.39999962,39.32855988,0.087747015,0,5,0,0,0,0,0,0,0,10,0,0,0,0,0,0,0,0,0,0,0,2.5,2.5,0,0,2.5,0,0,0,0,0,0,0,0,0,0,0,0,2.5,0,0,0,0,0,0,0,0,0,0,0,0,0
HTR_152,19.85566667,-31.76602778,287,20.9,11.80000019,0.699999988,1235,196,14.39999962,23.71563911,0.079160005,0,0,0,0,0,0,0,0,0,5,0,0,0,0,0,0,0,0,0,0,0,0,2.5,0,0,0,0,0,0,0,0,0,2.5,0,0,0,0,0,0,0,0,0,0,0,0,0,0,0,0,0,0,0
HTR_153,19.842,-31.75991667,287,31.8,11.80000019,0.699999988,1275,239,14.39999962,13.58638382,0.125046745,0,0,0,0,0,0,0,0,0,15,2.5,0,0,0,0,0,0,0,0,0,0,0,0,0,0,0,0,0,0,0,0,0,0,0,0,0,0,0,2.5,0,0,0,0,0,0,0,0,2.5,0,0,0,0
HTR_154,19.85297222,-31.72975,269,31.8,12.39999962,1.200000048,1201,220,15,15.46493816,0.125104338,0,0,0,0,0,0,0,2.5,0,17.5,0,0,0,0,0,0,0,0,0,0,0,0,0,0,0,0,2.5,0,0,0,0,0,0,0,0,0,0,0,8.75,0,0,0,0,0,0,0,0,0,0,0,0,0
HTR_155,19.80294444,-31.66180556,223,20.9,12,1.299999952,1247,224,14.80000019,21.73346901,0.102892369,0,0,0,0,0,0,0,0,0,10,0,0,0,0,0,0,2.5,0,0,0,0,0,0,0,0,0,0,0,0,0,0,0,0,0,0,0,0,0,2.5,2.5,0,0,0,0,0,0,0,0,0,0,0,0
HTR_156,19.79469444,-31.65025,199,20.9,11.80000019,1.100000024,1140,219,14.60000038,41.98753738,0.118461549,0,2.5,0,0,0,0,0,0,0,20,0,0,0,0,0,0,0,0,0,0,0,0,0,0,0,0,0,0,0,0,0,0,0,0,0,0,0,0,0,0,0,0,0,0,0,0,0,0,0,0,0,0
HTR_157,19.73336111,-31.58005556,225,20.9,13.30000019,1.700000048,1064,215,15.80000019,53.85789871,0.118785873,0,21.25,0,0,0,0,0,0,2.5,10,2.5,0,0,0,0,0,0,0,0,0,0,0,0,0,0,0,0,0,0,0,0,0,2.5,0,0,0,0,0,2.5,0,0,0,0,0,0,0,0,0,0,0,0,0
HTR_159,19.54613889,-31.49530556,200,30.1,14.10000038,3.900000095,901,218,17,86.17098236,0.126278535,0,5,2.5,0,0,0,0,0,0,12.5,0,0,0,0,0,0,0,0,0,0,0,0,0,0,0,0,0,0,0,0,0,0,0,0,0,0,0,0,0,0,0,0,0,0,0,0,0,0,0,0,0,0
HTR_16,19.43186111,-31.317,205,35.2,14.30000019,4.900000095,627,219,17.70000076,29.1660347,0.087562211,0,7.5,0,0,0,0,0,0,0,17.5,0,0,0,0,0,0,0,0,0,0,2.5,0,0,0,0,0,0,0,0,0,0,0,0,0,0,0,0,0,0,0,0,0,0,0,0,0,0,0,0,0,0,2.5
HTR_16_ak,19.78533333,-31.43180556,229,30.1,12.89999962,2.400000095,1048,210,15.89999962,34.91203308,0.115943365,2.5,2.5,0,0,0,0,0,0,2.5,37.5,0,0,0,0,0,0,0,0,0,0,0,2.5,0,0,0,2.5,0,0,0,0,0,0,0,0,0,0,2.5,0,2.5,0,0,0,0,0,0,0,0,2.5,2.5,0,0,0
HTR_160,19.36036111,-31.57383333,227,51,13.89999962,4.400000095,785,223,17,31.4887104,0.099089459,0,5,0,0,0,0,0,2.5,0,7.5,0,0,0,0,0,0,0,0,0,0,0,0,0,0,0,0,0,0,0,0,0,0,0,0,0,0,0,0,0,0,0,0,0,0,0,0,0,0,0,0,0,0
HTR_161,19.35316667,-31.58722222,228,51,14,4.5,782,219,17.29999924,43.09955215,0.091356099,0,13.75,0,0,0,0,0,2.5,0,10,0,0,0,0,0,0,0,0,0,0,2.5,0,0,0,0,0,0,0,0,0,0,0,0,0,0,0,0,0,0,0,0,0,0,0,0,0,0,0,0,0,0,0
HTR_162,19.354,-31.77277778,194,39,15.5,4.400000095,626,215,19,17.03190804,0.037978802,0,2.5,0,0,2.5,0,0,0,0,2.5,0,0,0,0,0,0,0,0,0,0,0,0,0,0,0,0,0,0,0,0,0,0,0,2.5,0,0,0,0,0,0,0,0,0,0,0,2.5,0,0,0,0,0,0
HTR_163,19.39258333,-31.81452778,166,39,17.29999924,5.099999905,534,216,19.60000038,14.67742634,0.040763151,0,5,0,0,0,0,0,0,0,0,0,0,0,0,0,0,0,0,0,0,0,0,0,0,0,0,0,0,0,0,0,0,0,0,0,0,0,0,0,0,0,0,0,0,0,0,0,0,0,0,0,0
HTR_165,19.44261111,-31.85286111,144,39,17.60000038,5.300000191,488,213,19.70000076,25.82026291,0.05478096,0,2.5,0,0,2.5,0,0,0,0,10,0,0,0,0,0,0,2.5,0,0,0,0,0,0,0,0,0,0,0,0,0,0,0,0,2.5,0,0,0,0,2.5,0,0,0,0,0,0,0,0,0,0,0,0,2.5
HTR_166,19.47125,-31.86916667,150,39,17.89999962,5.5,494,220,19.79999924,31.11774635,0.05691034,0,2.5,0,0,0,0,0,0,0,2.5,0,0,0,0,0,0,0,0,0,0,0,0,0,0,0,0,0,0,0,0,0,0,0,0,0,0,0,0,0,0,0,0,0,0,0,0,0,0,0,0,0,0
HTR_167,19.47413889,-31.87197222,150,39,17.89999962,5.5,494,217,19.79999924,27.30306435,0.054037102,0,5,0,0,0,0,0,0,0,7.5,0,0,0,0,0,0,2.5,0,0,0,2.5,0,2.5,0,0,0,0,0,0,0,0,0,0,0,0,0,0,0,0,0,0,0,0,0,0,0,0,0,0,0,0,2.5
HTR_168,19.49958333,-31.88311111,145,39,18.10000038,5.599999905,437,209,19.79999924,34.30245972,0.065526769,0,5,0,0,0,0,0,0,0,7.5,0,0,0,0,0,0,0,0,0,0,0,0,0,0,0,0,0,0,0,0,0,0,0,0,0,0,0,0,0,0,0,0,0,0,0,0,0,0,0,0,0,0
HTR_17,19.36977778,-31.30716667,201,35.2,14.5,5.800000191,584,215,18.10000038,45.19386292,0.063767381,0,17.5,2.5,0,0,0,0,2.5,0,5,0,0,0,0,0,0,0,0,0,0,0,0,0,0,0,0,0,0,0,0,0,0,0,0,0,0,0,0,0,0,0,0,0,0,0,0,0,0,0,0,0,0
HTR_17_ak,19.78519444,-31.42966667,229,30.1,12.89999962,2.400000095,1055,215,15.89999962,34.91203308,0.115943365,0,17.5,0,0,0,0,2.5,0,0,30,0,0,0,0,0,0,0,0,0,0,0,0,0,0,0,2.5,0,0,0,0,2.5,0,0,0,0,0,0,0,2.5,0,0,0,0,0,0,0,0,2.5,0,0,0,0
HTR_172,19.57219444,-31.86066667,145,31.8,18.10000038,5.5,444,218,19.79999924,41.54481506,0.058831476,0,5,0,0,0,0,0,0,0,0,0,0,0,0,0,0,0,0,0,0,0,0,0,2.5,0,0,0,0,0,0,0,0,0,0,0,0,0,0,2.5,0,0,0,0,0,0,0,0,0,0,0,0,0
HTR_173,19.61175,-31.81861111,204,31.8,17.60000038,5.099999905,490,215,19.60000038,49.23440552,0.052038714,0,7.5,0,0,0,0,0,0,0,2.5,0,0,0,0,0,0,0,0,0,0,0,0,0,0,0,0,0,0,0,0,0,0,0,0,0,0,0,0,0,0,0,0,0,0,0,0,0,0,0,0,0,0
HTR_176,19.70308333,-31.81694444,221,31.8,17.10000038,4.599999905,585,212,19.5,51.58148956,0.053920679,0,5,0,0,0,0,0,0,0,8.75,0,0,0,0,0,0,0,0,0,0,0,0,0,0,0,0,0,0,0,0,0,0,0,0,0,0,0,0,0,0,0,0,0,0,0,0,0,0,0,0,0,0
HTR_177,19.74752778,-31.87533333,240,35.3,17.60000038,5.099999905,564,211,19.70000076,30.1238575,0.076544464,0,7.5,0,0,0,0,0,0,0,7.5,0,0,0,0,0,0,0,0,0,0,8.75,0,0,0,0,0,0,0,0,0,0,0,0,0,0,0,0,0,0,0,0,0,0,0,0,0,0,0,0,0,0,0
HTR_178,19.73413889,-31.85002778,226,35.3,17.10000038,4.599999905,617,215,19.5,55.97517014,0.058328342,0,7.5,0,0,0,0,0,0,0,16.25,0,0,0,0,0,0,0,0,0,0,0,0,0,0,0,0,0,0,0,0,0,0,0,0,0,0,0,0,2.5,0,0,0,0,0,0,0,0,0,0,0,0,0
HTR_18,19.31536111,-31.3425,228,35.2,14.39999962,5.199999809,614,213,17.79999924,33.86187744,0.112865426,0,7.5,0,0,0,0,2.5,0,0,7.5,0,0,0,0,0,0,0,0,0,0,2.5,0,0,0,0,0,0,0,0,0,0,0,0,0,0,0,0,0,0,0,0,0,0,0,0,0,0,0,0,0,0,2.5
HTR_18_ak,19.78811111,-31.42919444,229,30.1,12.89999962,2.400000095,1045,214,15.89999962,34.91203308,0.115943365,0,2.5,0,0,2.5,0,0,0,0,7.5,0,0,0,0,0,0,0,0,0,0,0,0,0,0,0,0,0,0,0,0,0,2.5,0,0,0,0,0,0,2.5,0,0,0,0,0,0,2.5,0,0,0,0,0,0
HTR_180,19.74116667,-31.69772222,218,31.8,16,4.199999809,744,217,18.70000076,33.46379089,0.117489964,0,7.5,0,0,0,0,0,0,0,65,0,0,0,0,0,0,0,0,0,0,0,0,0,0,0,0,2.5,0,0,0,0,0,0,0,0,0,0,0,0,0,0,0,0,0,0,0,0,0,0,0,0,0
HTR_181,19.75511111,-31.67711111,223,31.8,14.19999981,4.199999809,940,193,17.20000076,16.12415123,0.077048086,0,0,0,0,2.5,0,0,0,0,16.25,0,0,0,0,0,0,2.5,0,0,0,2.5,0,0,0,0,0,0,0,0,0,0,0,0,2.5,0,0,0,0,2.5,0,0,0,0,0,0,0,0,0,0,0,0,2.5
HTR_182,19.7475,-31.63816667,208,31.8,13.19999981,1.899999976,1067,222,15.89999962,65.65031433,0.118521385,0,2.5,0,0,0,0,0,0,0,12.5,0,0,0,0,0,0,0,0,0,0,0,2.5,0,0,0,0,0,0,0,0,0,0,0,0,0,0,0,0,2.5,0,0,0,0,0,0,0,0,0,0,0,0,0
HTR_183,19.74863889,-31.62880556,208,31.8,13.19999981,1.899999976,1077,215,15.89999962,69.93435669,0.119334549,0,8.75,0,0,0,0,0,0,0,7.5,0,0,0,0,0,0,0,0,0,0,0,0,0,0,0,0,0,0,0,0,0,0,0,0,0,0,0,0,2.5,0,0,0,0,0,0,0,0,0,0,0,0,0
HTR_188,19.84188889,-31.58358333,241,20.9,12.80000019,1.600000024,1065,219,15.39999962,48.1174469,0.124385841,0,5,0,0,0,0,0,2.5,0,10,0,0,0,0,0,0,0,0,0,0,0,0,0,0,0,0,0,0,0,0,0,0,0,0,0,0,0,0,0,0,0,0,0,0,0,0,0,0,0,0,0,0
HTR_189,19.85311111,-31.58863889,241,20.9,12.80000019,1.600000024,1130,209,15.39999962,21.58974648,0.092863753,0,7.5,0,0,0,0,0,0,0,5,0,0,0,0,0,0,0,0,0,0,0,0,0,0,0,0,0,0,0,0,0,0,0,0,0,0,0,0,2.5,0,0,0,0,0,0,0,0,0,0,0,0,0
HTR_19,19.26736111,-31.35952778,243,35.2,14.19999981,5,698,226,17.5,30.09844971,0.126256451,0,5,0,0,0,0,0,0,0,10,0,0,0,0,0,0,2.5,0,0,0,0,0,0,0,0,0,0,0,0,0,0,0,0,0,0,0,0,0,0,0,0,0,0,0,0,0,0,0,0,0,0,0
HTR_19_ak,19.77725,-31.43586111,229,30.1,12.89999962,2.400000095,1051,214,15.89999962,59.27320862,0.075688027,0,0,0,0,2.5,0,0,2.5,0,15,0,0,0,0,0,0,0,0,0,0,0,0,0,2.5,0,2.5,0,0,0,0,0,2.5,0,0,0,0,2.5,0,37.5,0,0,0,0,0,0,2.5,0,2.5,2.5,0,0,0
HTR_190,19.86094444,-31.59047222,247,20.9,12.69999981,1.5,1188,194,15.30000019,29.85402489,0.099788807,0,0,0,0,0,0,0,0,0,5,0,0,0,0,0,0,0,0,0,0,0,0,0,0,0,0,0,0,0,0,0,0,0,0,0,0,0,0,8.75,0,0,0,0,0,0,0,0,0,0,0,0,0
HTR_191,19.86525,-31.59208333,263,20.9,12.60000038,1.399999976,1175,227,15.19999981,29.85402489,0.099788807,0,2.5,0,0,0,0,0,0,0,13.75,0,0,0,0,0,0,0,0,0,0,0,0,0,0,0,0,0,0,0,0,0,0,0,0,0,0,0,0,2.5,0,0,0,0,0,0,0,0,0,0,0,0,0
HTR_192,19.88022222,-31.60033333,255,20.9,12.60000038,1.399999976,1138,217,15.19999981,37.65870285,0.094355218,0,0,0,0,0,0,0,0,0,7.5,0,0,0,0,0,0,0,0,0,0,0,0,0,0,0,0,0,0,0,0,0,0,0,0,0,0,0,0,0,0,0,0,0,0,0,0,0,0,0,0,0,0
HTR_194,19.89719444,-31.63769444,294,20.9,12.5,1.299999952,1176,230,15.10000038,29.83657074,0.084383242,0,2.5,0,0,0,0,0,0,0,7.5,0,0,0,0,0,0,0,0,0,0,2.5,0,0,0,0,0,0,0,0,0,0,0,0,0,0,0,0,0,21.25,0,0,0,0,0,0,0,0,0,0,0,0,0
HTR_195,19.89827778,-31.64380556,305,20.9,12.30000019,1.200000048,1223,223,15,51.41283798,0.117456101,0,0,0,0,0,0,0,2.5,0,16.25,0,0,0,0,0,0,0,0,0,0,0,0,2.5,0,0,0,0,0,0,0,0,0,0,0,0,0,0,0,0,0,0,0,0,0,0,0,0,2.5,0,0,0,0
HTR_196,19.89702778,-31.65255556,305,20.9,12.30000019,1.200000048,1252,223,15,33.6819191,0.087576896,0,11.25,0,0,0,0,0,0,0,15,0,0,0,0,0,0,0,0,0,0,0,0,0,0,0,2.5,0,0,0,0,2.5,0,2.5,0,0,0,0,0,2.5,0,0,0,0,0,0,0,0,2.5,0,0,0,0
HTR_197,19.89427778,-31.66411111,298,20.9,12.30000019,1.200000048,1250,213,15,31.52122879,0.078358278,0,5,0,0,0,0,0,0,0,12.5,0,2.5,0,0,0,0,0,0,0,0,0,0,0,0,0,0,0,0,0,0,0,0,0,0,0,0,0,0,0,0,0,0,0,0,0,0,0,0,0,0,0,0
HTR_198,19.89297222,-31.69030556,281,20.9,12.30000019,1.100000024,1274,204,14.89999962,27.84192085,0.077243663,0,0,0,0,0,0,0,0,0,12.5,0,0,0,0,0,0,0,0,0,0,0,0,0,0,0,0,0,0,0,0,0,0,0,0,0,0,0,0,2.5,2.5,0,0,0,0,0,0,0,2.5,0,0,0,0
HTR_199,19.96702778,-31.72902778,204,20.9,12.39999962,1,1173,216,14.89999962,56.11301804,0.081637368,0,7.5,0,0,0,0,0,0,0,10,0,0,0,0,0,0,0,0,0,0,0,0,0,0,0,0,0,0,0,0,0,0,0,0,0,0,0,0,5,0,0,0,0,0,0,0,0,0,0,0,0,0
HTR_2,19.26311111,-31.53433333,258,43.4,14,4.699999809,794,216,17.20000076,31.85670853,0.10496299,0,42.5,0,0,0,0,0,2.5,2.5,16.25,0,2.5,0,0,0,0,2.5,0,0,0,0,0,0,0,0,0,0,0,0,0,0,0,0,0,0,0,0,0,2.5,0,0,0,0,0,0,0,0,0,0,0,0,0
HTR_2_ak,19.77327778,-31.44858333,198,30.1,13.10000038,3.400000095,1034,221,16.20000076,72.66580963,0.076892242,0,0,0,2.5,0,0,0,0,2.5,12.5,0,0,0,2.5,0,0,0,0,0,0,2.5,2.5,2.5,2.5,0,2.5,0,0,0,0,0,0,0,0,0,0,2.5,0,40,0,0,0,0,0,0,2.5,0,2.5,0,0,0,0
HTR_2_nieu,19.03295,-31.28086,387,44.3,13.89999962,5.300000191,802,220,17.20000076,16.66192245,0.077065334,0,0,0,0,0,0,0,1.2,0.3,3.8,0,0,0,0,0,0,0,6,0,0,0,0,0,0,0.1,0.2,0,0,0,0,6,0,0,0,0,0,0.4,0,9,0.5,7.5,14,0,35,0,0,0,0,0,0.7,0,0
HTR_20,19.22072222,-31.37794444,271,44.3,14,4.900000095,756,219,17.29999924,26.45841789,0.068998747,0,5,0,0,0,0,0,2.5,0,37.5,0,2.5,0,0,0,0,0,0,0,0,0,0,0,0,0,0,0,0,0,0,0,0,0,0,0,0,0,0,0,0,0,0,0,0,0,0,0,0,0,0,0,0
HTR_20_ak,19.77405556,-31.43436111,208,30.1,12.69999981,3,1063,220,15.89999962,59.27320862,0.075688027,0,0,0,0,0,0,0,0,2.5,25,0,0,0,0,0,0,0,0,0,0,0,5,0,0,0,2.5,0,0,0,0,0,0,0,0,0,0,2.5,0,5,0,0,0,0,0,0,0,0,2.5,0,0,0,0
HTR_201,19.98830556,-31.6475,221,20.9,12.80000019,1.299999952,1130,217,15.39999962,76.58168793,0.07952448,0,2.5,2.5,0,0,0,0,0,0,7.5,0,0,0,0,0,0,0,0,0,0,0,0,0,0,0,0,0,0,0,0,0,0,0,0,0,0,0,0,2.5,0,0,0,0,0,0,0,0,0,0,0,0,0
HTR_202,19.96216667,-31.57522222,178,20.9,13.19999981,1.299999952,1051,219,15.69999981,55.93246841,0.077843808,0,0,0,0,0,0,0,2.5,0,10,0,0,0,0,0,0,0,0,0,0,0,0,0,0,0,0,0,0,0,0,0,0,0,0,0,0,0,0,0,0,0,0,0,0,0,0,0,0,0,0,0,0
HTR_203,19.95566667,-31.55313889,187,20.9,13.39999962,1.700000048,1041,217,15.80000019,49.55727386,0.067759044,0,0,2.5,0,0,0,0,0,0,15,0,0,0,0,0,0,0,0,0,0,0,0,0,0,0,0,0,0,0,0,0,0,0,0,0,0,0,0,0,0,0,0,0,0,0,0,0,0,0,0,0,0
HTR_205,19.94169444,-31.49422222,209,20.9,13.19999981,2,1076,202,15.80000019,44.1694603,0.12175934,0,2.5,0,0,0,0,0,0,0,15,0,0,0,0,0,0,0,0,0,0,2.5,0,0,0,0,0,0,0,0,0,0,0,0,0,0,0,0,0,0,0,0,0,0,0,0,0,0,0,0,0,0,0
HTR_206,19.94858333,-31.48830556,209,20.9,12.89999962,1.700000048,1088,213,15.60000038,31.08882523,0.119583808,0,5,0,0,0,0,0,0,0,5,0,0,0,0,0,0,0,0,0,0,0,0,0,0,0,0,0,0,0,0,0,0,0,0,0,0,0,0,0,0,0,0,0,0,0,0,0,0,0,0,0,0
HTR_208,19.94786111,-31.44311111,212,16.8,12.60000038,1.600000024,1153,216,15.39999962,57.25887299,0.079285808,0,11.25,0,0,0,0,0,0,0,5,0,0,0,0,0,0,0,0,0,0,2.5,0,0,0,0,0,0,0,0,0,0,0,0,0,0,0,0,0,0,0,0,0,0,0,0,2.5,0,0,0,0,0,0
HTR_21,19.20069444,-31.38311111,283,43.4,13.89999962,5,757,223,17.29999924,28.36606789,0.068808645,0,15,0,0,0,0,0,2.5,0,12.5,2.5,0,0,0,0,0,0,0,0,0,0,0,2.5,0,0,0,0,0,0,0,0,0,0,0,0,0,0,0,5,0,0,0,0,0,0,0,0,2.5,0,0,0,0
HTR_21_ak,19.77119444,-31.43538889,208,30.1,12.69999981,3,1075,218,15.89999962,48.59141159,0.07428696,0,2.5,0,0,0,0,0,0,0,7.5,0,0,2.5,0,0,0,0,0,0,0,2.5,2.5,0,2.5,0,2.5,0,0,0,0,0,0,0,0,0,0,2.5,0,5,0,0,0,0,0,0,0,0,5,0,0,0,0
HTR_210,19.93094444,-31.31297222,204,31.2,12.19999981,1.200000048,1094,218,15.10000038,46.11811066,0.115153365,0,2.5,0,0,0,0,0,0,0,12.5,0,0,0,0,0,0,0,0,0,0,0,0,0,0,0,0,0,0,0,0,0,0,0,0,0,0,0,0,0,0,0,0,0,0,0,0,0,0,0,0,2.5,0
HTR_211,19.93847222,-31.29586111,200,31.2,12.80000019,1.399999976,1064,217,15.5,38.14798355,0.093222901,0,0,0,0,0,0,0,0,0,10,0,0,0,0,0,0,0,0,2.5,0,0,0,0,0,0,0,2.5,0,0,0,0,0,0,0,0,0,0,0,8.75,0,0,0,0,0,0,0,0,0,0,0,0,2.5
HTR_212,19.94627778,-31.18816667,190,31.2,13.19999981,2.5,998,216,16.10000038,54.53652191,0.110191241,0,11.25,0,0,0,0,0,0,0,17.5,0,0,0,0,0,0,0,0,0,0,0,0,0,0,0,0,0,0,0,0,0,0,0,0,0,0,0,0,0,0,0,0,0,0,0,0,0,0,0,0,0,0
HTR_213,19.72708333,-31.47041667,215,30.1,13.30000019,3.599999905,995,207,16.39999962,35.97326279,0.117285483,0,2.5,0,0,0,0,0,0,0,10,0,0,0,0,0,0,0,0,0,0,0,0,0,0,0,0,0,0,0,0,0,0,0,0,0,0,0,0,0,0,0,0,0,0,0,2.5,0,0,0,0,0,0
HTR_214,19.68905556,-31.46858333,219,30.1,13.39999962,3.700000048,975,215,16.39999962,78.13021088,0.118605986,0,5,2.5,0,0,0,0,0,0,5,0,0,0,0,0,0,0,0,0,0,0,0,0,0,0,0,0,0,0,0,0,0,0,0,0,0,0,0,0,0,0,0,0,0,0,0,0,0,0,0,0,0
HTR_215,19.49525,-31.26233333,186,31,15.19999981,4.900000095,585,217,18.89999962,40.04213715,0.097994685,0,11.25,0,0,2.5,0,0,0,0,5,0,0,0,0,0,0,0,0,0,0,0,0,2.5,0,0,0,0,0,0,0,0,0,0,0,0,0,0,0,5,0,0,0,0,0,0,0,0,2.5,0,0,0,2.5
HTR_216,19.48175,-31.25611111,180,31,15.10000038,5.099999905,541,222,18.79999924,56.84576416,0.113765925,0,5,2.5,0,0,0,0,2.5,0,10,0,0,0,0,0,0,0,0,0,0,0,0,0,0,0,0,0,0,0,0,0,0,0,0,0,0,0,0,2.5,0,0,0,0,0,0,0,0,0,0,0,0,2.5
HTR_217,19.45141667,-31.2255,193,31,14.69999981,6.199999809,540,216,18.39999962,46.93706131,0.095678575,0,5,0,0,0,0,0,0,0,5,0,0,0,0,0,0,0,0,0,0,0,0,0,0,0,0,0,0,0,0,0,0,0,0,0,0,0,0,7.5,0,0,0,0,0,0,0,0,2.5,0,0,0,2.5
HTR_218,19.44958333,-31.16916667,202,31,14.10000038,5.400000095,724,218,17.70000076,31.38429832,0.085305236,0,21.25,0,0,0,0,0,0,0,5,0,0,0,0,0,0,0,0,0,0,0,0,0,0,0,0,0,0,0,0,0,0,0,0,0,0,0,0,0,0,0,0,0,0,0,0,0,0,0,0,0,0
HTR_219,19.45888889,-31.13063889,202,28,13.89999962,4.900000095,753,219,17.5,80.72724915,0.106843255,0,11.25,2.5,0,0,0,0,2.5,0,2.5,0,0,0,0,0,0,0,0,0,0,0,0,0,0,0,0,0,0,0,0,0,0,0,0,0,0,0,0,0,0,0,0,0,0,0,0,0,0,0,0,0,0
HTR_22,19.18425,-31.38608333,298,43.4,13.89999962,5,758,215,17.29999924,25.63160324,0.083868757,0,0,2.5,0,0,0,0,2.5,0,2.5,37.5,0,0,0,0,0,0,0,0,0,0,2.5,2.5,0,0,0,0,0,0,0,2.5,0,0,0,0,0,0,0,2.5,0,0,0,0,0,0,0,0,0,0,0,0,0
HTR_22_ak,19.77072222,-31.43547222,208,30.1,12.69999981,3,1078,218,15.89999962,48.59141159,0.07428696,0,0,0,0,0,0,0,2.5,0,22.5,0,0,0,0,0,0,0,0,0,0,0,0,0,2.5,0,0,0,0,0,0,0,0,0,0,0,0,2.5,0,2.5,0,0,0,0,0,0,0,0,0,2.5,0,0,2.5
HTR_220,19.46841667,-31.10561111,206,28,13.89999962,4.900000095,752,213,17.5,90.46874237,0.104317829,0,7.5,0,0,0,0,0,0,0,10,0,0,0,0,0,0,0,0,0,0,2.5,0,0,0,0,0,0,0,0,0,0,0,0,0,0,0,0,0,0,0,0,0,0,0,0,0,0,0,0,0,0,0
HTR_221,19.47158333,-30.98144444,207,28,14.30000019,3.299999952,926,224,17.20000076,59.47747421,0.095699899,0,10,0,0,0,0,0,2.5,0,21.25,0,0,0,0,0,0,0,0,0,0,0,0,0,0,0,0,0,0,0,0,0,0,0,0,0,0,0,2.5,0,0,0,0,0,0,0,0,0,0,0,0,0,0
HTR_223,19.83897222,-30.83419444,167,24,14.10000038,3.099999905,946,221,17,68.60797882,0.093203887,0,8.75,2.5,0,0,0,0,0,0,2.5,0,0,0,0,0,0,0,0,0,0,0,0,0,0,0,0,0,0,0,0,0,0,0,0,0,0,0,0,0,0,0,0,0,0,0,0,0,0,0,0,0,0
HTR_224,19.75411111,-30.86375,177,24,14.39999962,3,916,212,17.29999924,51.20595169,0.080127254,0,2.5,0,0,0,0,0,0,0,5,0,0,0,0,0,0,0,0,0,0,0,0,0,0,0,0,0,0,0,0,0,0,0,0,0,0,0,0,8.75,0,0,0,0,0,0,0,0,0,0,0,0,2.5
HTR_225,19.71294444,-30.86388889,179,24,14.5,2.900000095,909,224,17.29999924,85.0291214,0.086439945,0,2.5,0,0,0,0,0,2.5,0,0,0,0,0,0,0,0,0,0,0,0,0,0,0,0,0,0,0,0,0,0,0,0,0,0,0,0,0,0,0,0,0,0,0,0,0,0,0,0,0,0,0,0
HTR_226,19.63263889,-30.87394444,183,24,14.39999962,3.400000095,856,223,17.39999962,74.3554306,0.078362808,0,0,5,0,0,0,0,0,0,0,0,0,0,0,0,0,0,0,0,0,0,0,0,0,0,0,0,0,0,0,0,0,0,0,0,0,0,0,0,0,0,0,0,0,0,0,0,0,0,0,0,0
HTR_227,19.57252778,-30.91030556,190,24,14.39999962,3.099999905,920,212,17.29999924,76.97306824,0.098087192,0,2.5,0,0,0,0,0,0,0,11.25,0,0,0,0,0,0,0,0,0,0,0,0,0,0,0,0,0,0,0,0,0,0,0,0,0,0,0,0,0,0,0,0,0,0,0,0,0,0,0,0,0,0
HTR_228,19.41997222,-30.91258333,200,24,13.60000038,4.300000191,855,222,17,63.71689987,0.146814972,0,10,0,0,0,0,0,0,0,12.5,0,0,0,0,0,0,0,0,0,0,0,0,2.5,0,0,0,0,0,0,0,0,0,0,0,0,0,0,0,2.5,0,0,0,0,0,0,0,0,0,0,0,0,0
HTR_229,19.42655556,-30.90230556,197,24,14.19999981,3.700000048,853,218,17.29999924,68.20639801,0.152890876,0,2.5,0,0,0,0,0,0,0,21.25,0,0,0,0,0,0,0,0,0,0,0,0,0,0,0,0,0,0,0,0,0,0,0,0,0,0,0,0,0,0,0,0,0,0,0,0,0,0,0,0,0,0
HTR_23,19.13230556,-31.36819444,339,43.4,14.10000038,5.5,728,219,17.60000038,30.43988991,0.094164819,0,21.25,0,0,0,0,0,0,0,10,2.5,0,0,0,0,0,0,0,0,0,0,2.5,2.5,0,0,0,0,0,0,0,0,0,0,0,0,0,0,0,2.5,0,0,0,0,0,0,0,0,0,0,0,0,0
HTR_23_ak,19.76794444,-31.43458333,208,30.1,12.69999981,3,1090,208,15.89999962,48.59141159,0.07428696,0,0,0,0,2.5,0,0,0,0,22.5,0,0,0,0,2.5,0,0,0,0,0,0,0,0,0,0,0,0,0,0,0,0,0,0,0,0,0,2.5,0,2.5,0,0,0,0,0,0,0,2.5,0,0,0,0,0
HTR_230,19.44894444,-30.84802778,190,24,14.60000038,3.700000048,823,220,17.60000038,57.43453979,0.130938768,0,0,0,0,0,0,0,0,0,7.5,0,0,0,0,0,0,0,0,0,0,0,0,0,0,0,0,0,0,0,0,0,0,0,0,0,0,0,0,0,0,0,0,0,0,0,0,0,0,0,0,0,2.5
HTR_233,19.11272222,-31.32508333,332,44.3,14.10000038,5.5,676,225,17.60000038,25.0847435,0.086159363,0,5,0,0,0,0,0,2.5,0,5,0,0,0,0,0,0,0,0,0,0,2.5,0,0,0,0,0,0,0,0,0,0,0,0,0,0,0,0,0,2.5,0,0,0,0,0,0,0,0,0,0,0,0,0
HTR_234,19.12408333,-31.30119444,300,44.3,14.30000019,5.900000095,701,218,17.89999962,16.7881813,0.078098446,0,10,0,0,0,0,0,2.5,0,12.5,0,0,0,0,0,0,0,0,0,0,0,0,0,0,0,0,0,0,0,0,0,0,0,0,0,0,0,0,2.5,0,0,0,0,0,0,0,0,0,0,0,0,0
HTR_235,19.16558333,-31.26397222,162,44.3,14.89999962,7,457,210,18.79999924,32.39341354,0.126750201,0,10,0,0,0,0,0,0,0,2.5,0,0,0,0,0,0,0,0,0,0,0,0,0,0,0,0,0,0,0,0,0,0,0,0,0,0,0,0,0,0,0,0,0,0,0,0,0,0,0,0,0,0
HTR_236,19.18208333,-31.25527778,128,44.3,15,7.199999809,442,209,19.10000038,28.0592804,0.129332602,0,8.75,0,0,0,0,0,0,0,12.5,0,0,0,0,0,0,0,0,0,0,0,0,0,0,0,0,0,0,0,0,0,0,0,0,0,0,0,0,0,0,0,0,0,0,0,2.5,0,0,0,0,0,0
HTR_237,19.22552778,-31.18222222,160,44.3,15.10000038,7.199999809,403,226,19.20000076,38.96117783,0.100732133,0,5,2.5,0,0,0,0,0,0,2.5,0,0,0,0,0,0,0,0,0,0,0,0,0,0,0,0,0,0,0,0,0,0,0,0,0,0,0,0,0,0,0,0,0,0,0,0,0,0,0,0,0,0
HTR_238,19.22455556,-30.3925,153,22.7,14.39999962,4.099999905,807,223,17.89999962,109.8327713,0.0504154,0,0,0,0,0,0,0,0,0,0,0,0,0,0,0,0,0,0,0,0,0,0,0,0,0,0,0,0,0,0,0,0,0,0,0,0,0,0,0,0,0,0,0,0,0,0,0,0,0,0,0,2.5
HTR_239,19.25208333,-30.40402778,143,22.7,14.30000019,3.900000095,882,219,17.70000076,103.1304855,0.053359367,0,0,0,0,0,0,0,0,0,0,0,0,0,0,0,0,0,0,0,0,0,0,0,0,0,0,0,0,0,0,0,0,0,0,0,0,0,0,17.5,0,0,0,0,0,0,0,0,0,0,0,0,2.5
HTR_24,19.13677778,-31.36158333,339,43.4,14.10000038,5.5,772,222,17.60000038,27.32019424,0.087618463,0,2.5,0,0,0,0,0,0,0,2.5,0,0,0,0,0,0,0,0,0,0,0,0,2.5,0,0,0,0,0,0,0,0,0,0,0,0,0,0,0,0,0,0,0,0,0,0,0,0,0,0,0,0,2.5
HTR_24_ak,19.7685,-31.4355,208,30.1,12.69999981,3,1084,207,15.89999962,48.59141159,0.07428696,0,0,0,0,0,0,0,2.5,0,45,0,0,0,2.5,0,0,2.5,0,0,0,0,0,2.5,2.5,0,0,0,0,0,0,2.5,0,0,0,0,0,5,0,0,0,0,0,0,0,0,0,0,0,0,0,0,0
HTR_240,19.29722222,-30.48813889,153,22.7,13.80000019,4.599999905,780,221,18.10000038,106.8563766,0.042575158,0,0,0,0,0,0,0,0,0,0,0,0,0,0,0,0,0,0,0,0,0,0,0,0,0,0,0,0,0,0,0,0,0,0,0,0,0,0,5,0,0,0,0,0,0,0,0,2.5,0,0,0,2.5
HTR_241,19.33902778,-30.57683333,163,22.7,14.10000038,5.5,668,229,17.89999962,110.2726593,0.034724593,0,5,0,0,0,0,0,0,0,2.5,0,0,0,0,0,0,0,0,0,0,0,0,0,0,0,0,0,0,0,0,0,0,0,0,0,0,0,0,0,0,0,0,0,0,0,0,0,0,0,0,0,0
HTR_242,19.38116667,-30.695,177,22.7,13.69999981,4.699999809,835,223,17.20000076,73.6361618,0.070921302,0,5,0,0,0,0,0,2.5,0,7.5,0,0,0,0,0,0,0,0,0,0,0,0,0,0,0,0,0,0,0,0,0,0,0,0,0,0,0,0,0,0,0,0,0,0,0,0,0,0,0,0,0,2.5
HTR_243,19.68605556,-32.00388889,180,35.3,18.5,5.599999905,389,213,19.89999962,34.2370224,0.063479289,0,12.5,0,0,0,0,0,0,0,2.5,0,0,0,0,0,0,0,0,0,0,0,2.5,0,0,0,0,0,0,0,0,0,0,0,0,0,0,0,0,0,0,0,0,0,0,0,0,0,0,0,0,0,5
HTR_244,19.6665,-32.00913889,167,39,18.5,5.800000191,367,220,20,31.55698967,0.063472807,0,2.5,0,0,0,0,0,0,0,0,0,0,0,0,0,0,0,0,0,0,0,0,0,0,0,0,0,0,0,0,0,0,0,0,0,0,0,0,0,0,0,0,0,0,0,0,0,0,0,0,0,0
HTR_245,19.58858333,-32.00430556,87,39,18.39999962,6,356,215,20,27.51494408,0.066093698,0,18.75,0,0,0,0,0,0,0,0,0,0,0,0,0,0,0,0,0,0,0,0,0,0,0,0,0,0,0,0,0,0,0,0,0,0,0,0,0,0,0,0,0,0,0,0,0,0,0,0,0,0
HTR_246,19.51661111,-32.00786111,127,39,18.29999924,6,397,214,19.89999962,20.52354813,0.066887565,0,7.5,0,0,0,0,0,0,0,7.5,0,0,0,0,0,0,0,0,0,0,0,0,2.5,0,0,0,0,0,0,0,0,0,0,0,0,0,0,0,0,0,0,0,0,0,0,0,0,0,0,0,0,0
HTR_25,19.21125,-31.40152778,275,43.4,14,4.800000191,773,221,17.29999924,29.43801689,0.069407828,0,7.5,0,0,0,0,0,0,0,5,0,0,0,0,0,0,0,0,0,0,0,0,2.5,0,0,0,0,0,0,0,0,0,0,0,0,0,0,0,2.5,0,0,0,0,0,0,0,0,0,0,0,0,0
HTR_25_ak,19.76541667,-31.43752778,208,30.1,12.69999981,3,1087,213,15.89999962,48.59141159,0.07428696,0,2.5,0,2.5,2.5,0,0,0,0,45,0,0,0,0,0,0,0,0,0,0,0,0,0,0,0,0,0,0,0,0,2.5,0,0,0,0,0,7.5,0,0,0,0,0,0,0,0,0,2.5,0,0,0,0,0
HTR_252,20.35697222,-32.40913889,176,27.4,11.39999962,0.5,1401,209,14,15.01574898,0.169069529,0,0,0,0,0,0,0,2.5,0,23.75,2.5,0,0,0,0,0,0,0,0,0,0,0,0,0,0,0,0,0,0,0,0,0,0,0,0,0,0,0,2.5,0,0,0,0,0,0,0,0,0,0,0,0,0
HTR_253,19.84341667,-31.47394444,216,20.9,13.10000038,3.200000048,995,219,16.10000038,69.85327148,0.126594841,0,2.5,2.5,0,0,0,0,0,0,0,0,0,0,0,0,0,0,0,0,0,0,0,0,0,0,0,0,0,0,0,0,0,0,0,0,0,0,0,2.5,0,0,0,0,0,0,0,0,0,0,0,0,0
HTR_255,19.99816667,-31.58994444,190,20.9,13.10000038,1.299999952,1104,218,15.5,71.61225891,0.072443783,0,0,0,0,0,0,0,0,0,7.5,0,0,0,0,0,0,0,0,0,0,0,0,0,0,0,0,0,0,0,0,0,0,0,0,0,0,0,0,5,0,0,0,0,0,0,0,0,0,0,0,0,2.5
HTR_256,20.05638889,-31.60430556,203,20.9,12.60000038,1,1192,211,15.10000038,62.93152237,0.066981986,0,2.5,0,0,0,0,0,0,0,12.5,0,0,0,0,0,0,0,0,0,0,0,0,0,0,0,0,0,0,0,0,0,0,0,0,0,0,0,0,2.5,0,0,0,0,0,0,0,0,0,0,0,0,0
HTR_257,20.10252778,-31.61388889,201,16.8,12.19999981,0.600000024,1261,214,14.69999981,40.54124451,0.088745683,0,2.5,0,0,0,0,0,0,0,10,0,0,0,0,0,0,0,0,0,0,0,0,0,0,0,0,0,0,0,0,0,0,0,0,0,0,0,0,0,0,0,0,0,0,0,0,0,0,0,0,0,0
HTR_258,20.1175,-31.62302778,192,16.8,12.39999962,0.600000024,1223,217,14.89999962,41.47855377,0.079318978,0,2.5,0,0,0,0,0,0,0,7.5,0,0,0,0,0,0,0,0,0,0,0,0,0,0,0,0,0,0,0,0,0,0,0,0,0,0,0,0,2.5,0,0,0,0,0,0,0,0,0,0,0,0,2.5
HTR_259,20.20772222,-31.69480556,192,16.3,12.89999962,0.5,1174,216,15.19999981,47.25146103,0.071831793,0,2.5,0,0,0,0,0,0,0,10,0,0,0,0,0,0,0,0,0,0,0,0,0,0,0,0,0,0,0,0,0,0,0,0,0,0,0,0,2.5,0,0,0,0,0,0,0,0,0,0,0,0,0
HTR_26,19.34294444,-31.48483333,239,43.4,14,4.699999809,752,221,17.29999924,48.75458908,0.110779777,0,17.5,0,0,0,0,0,0,0,10,0,0,0,0,0,0,0,0,0,0,0,0,0,0,0,0,0,0,0,0,0,0,0,0,0,0,0,0,0,0,0,0,0,0,0,0,0,0,0,0,0,0
HTR_26_ak,19.77411111,-31.43022222,208,30.1,12.69999981,3,1079,191,15.89999962,31.65402031,0.072926365,0,0,0,0,0,0,2.5,2.5,0,50,0,2.5,0,0,0,0,2.5,0,0,0,0,2.5,0,2.5,0,0,0,0,0,0,0,0,0,0,0,0,5,0,2.5,0,0,0,0,0,0,2.5,0,0,0,0,0,2.5
HTR_260,20.26027778,-31.83988889,168,13.5,13.10000038,0.699999988,1110,217,15.39999962,49.71860886,0.085644856,0,11.25,0,0,0,0,0,0,0,2.5,0,0,0,0,0,0,0,0,0,0,0,0,0,0,0,0,0,0,0,0,0,0,0,0,0,0,0,0,0,0,0,0,0,0,0,0,0,0,0,0,0,2.5
HTR_261,20.27363889,-31.93377778,180,13.5,11.80000019,0,1228,224,14.19999981,38.96419907,0.102286689,0,0,0,0,0,0,0,0,0,12.5,0,0,0,0,0,0,0,0,0,0,0,0,0,0,0,0,0,0,0,0,0,0,0,0,0,0,0,0,0,0,0,0,0,0,0,2.5,0,0,0,0,0,0
HTR_262,20.34422222,-31.99475,161,10.1,11.80000019,0.100000001,1231,216,14.19999981,51.73144531,0.144956782,0,11.25,0,0,0,0,0,0,0,15,0,0,0,0,0,0,0,0,0,0,0,0,0,0,0,0,0,0,0,0,0,0,0,0,0,0,0,0,2.5,0,0,0,0,0,0,0,0,0,0,0,0,0
HTR_263,20.34613889,-31.99663889,161,10.1,11.80000019,0.100000001,1227,218,14.19999981,51.73144531,0.144956782,0,2.5,0,0,0,0,0,0,0,15,0,0,0,0,0,0,0,0,0,0,0,0,0,0,0,0,0,0,0,0,0,0,0,0,0,0,0,0,2.5,0,0,0,0,0,0,0,0,0,0,0,0,0
HTR_264,20.37733333,-32.01375,186,10.1,12.10000038,0.300000012,1227,207,14.5,40.67601013,0.145688802,0,2.5,0,0,0,0,0,2.5,0,12.5,0,0,0,0,0,0,0,0,0,0,0,0,0,0,0,0,0,0,0,0,0,0,0,0,0,0,0,0,0,0,0,0,0,0,0,0,0,0,0,0,0,0
HTR_265,20.3875,-32.04527778,148,15.6,12,0.300000012,1167,202,14.39999962,44.7489624,0.117320396,0,2.5,0,0,0,0,0,0,0,12.5,0,0,0,0,0,0,0,0,0,0,0,0,0,0,0,0,0,0,0,0,0,0,0,0,0,0,0,0,0,0,0,0,0,0,0,0,0,0,0,0,0,0
HTR_266,20.38030556,-32.04913889,148,15.6,12,0.300000012,1174,217,14.39999962,41.65753555,0.123492725,0,2.5,0,0,0,0,0,0,0,7.5,0,0,0,0,0,0,0,0,0,0,0,0,0,0,0,0,0,0,0,0,0,0,0,0,0,0,0,0,0,0,0,0,0,0,0,0,0,0,0,0,0,2.5
HTR_267,20.3815,-32.11333333,230,15.6,11.80000019,0.300000012,1200,214,14.30000019,48.16119385,0.140979439,0,5,0,0,0,0,0,0,0,16.25,0,0,0,0,0,0,0,0,0,0,0,0,0,0,0,0,0,0,0,0,0,0,0,0,0,0,0,0,2.5,0,0,0,0,0,0,0,0,0,0,0,0,0
HTR_268,20.42,-32.161,224,15.6,11.69999981,0.400000006,1216,217,14.19999981,26.96138,0.104059845,0,2.5,2.5,0,0,0,0,0,0,18.75,0,0,0,0,0,0,0,0,0,0,0,0,0,0,0,0,0,0,0,0,0,0,0,0,0,0,0,0,5,0,0,0,0,0,0,0,0,0,0,0,0,0
HTR_269,20.42619444,-32.16613889,254,15.6,11.60000038,0.400000006,1225,207,14.10000038,44.45355988,0.120900869,0,2.5,0,0,0,0,0,2.5,0,18.75,0,0,0,0,0,0,0,0,0,0,0,0,0,0,0,0,0,0,0,0,0,0,0,0,0,0,0,0,2.5,0,0,0,0,0,0,0,0,2.5,0,0,0,0
HTR_27,19.38475,-31.49038889,229,43.4,14,4.699999809,763,219,17.20000076,40.24412155,0.092615895,0,5,0,0,0,0,0,0,2.5,20,0,0,0,0,0,0,0,0,0,0,0,0,0,0,0,0,0,0,0,0,0,0,0,0,0,0,0,0,0,0,0,0,0,0,0,0,0,0,0,0,0,0
HTR_27_ak,19.774,-31.42875,208,30.1,12.69999981,3,1113,199,15.89999962,31.65402031,0.072926365,0,0,0,0,0,0,0,2.5,0,30,0,0,0,0,0,0,5,0,0,0,0,0,0,0,0,0,0,0,0,0,0,0,0,0,0,0,5,0,15,0,0,0,0,0,0,2.5,0,2.5,0,0,0,0
HTR_270,20.47686111,-32.21363889,193,15.6,10.80000019,0.100000001,1288,217,13.5,36.97490692,0.127116695,0,7.5,0,0,0,0,0,2.5,0,7.5,0,0,0,0,0,0,0,0,0,0,0,0,0,0,0,0,0,0,0,0,0,0,0,0,0,0,0,0,2.5,0,0,0,0,0,0,0,0,0,0,0,0,0
HTR_271,20.55338889,-32.23897222,286,15.6,10.19999981,-0.100000001,1413,217,13,34.61725998,0.147868991,0,0,0,0,0,0,0,0,0,18.75,0,0,0,0,0,0,0,0,0,0,0,0,0,0,0,0,0,0,0,0,0,0,0,0,0,0,0,0,5,0,0,0,0,0,0,0,0,0,0,0,0,0
HTR_272,20.55497222,-32.25038889,271,15.6,10,-0.100000001,1503,218,12.80000019,27.56949997,0.187817663,0,0,0,0,0,0,0,0,0,45,2.5,0,0,0,0,0,0,0,0,0,0,0,0,0,0,0,0,0,0,0,0,0,0,0,0,0,0,0,2.5,0,0,0,0,0,0,0,0,0,0,0,0,0
HTR_273,20.55527778,-32.25133333,271,15.6,10,-0.100000001,1501,214,12.80000019,27.56949997,0.187817663,0,0,0,0,0,0,0,2.5,0,12.5,2.5,0,0,0,0,0,0,0,0,0,0,0,0,0,0,0,0,0,0,0,0,0,0,0,0,0,0,0,5,0,0,0,0,0,0,0,0,2.5,0,0,0,0
HTR_274,20.68286111,-32.27983333,272,26.5,10.39999962,0.100000001,1354,214,13.19999981,35.08312225,0.110196188,0,2.5,0,0,0,0,0,0,0,12.5,0,0,0,0,0,0,0,0,0,0,0,0,2.5,0,0,0,0,0,0,0,0,0,0,0,0,0,0,0,2.5,0,0,0,0,0,0,0,0,0,0,0,0,0
HTR_275,20.71158333,-32.17738889,233,18.1,10.80000019,0.200000003,1307,213,13.5,27.89701462,0.114108808,0,0,0,0,0,0,0,0,0,15,0,0,0,0,0,0,0,0,0,0,0,0,0,0,0,0,0,0,0,0,0,0,0,0,0,0,0,0,0,0,0,0,0,0,0,0,0,0,0,0,0,0
HTR_277,20.52613889,-32.02994444,250,18.1,10.89999962,0,1303,218,13.5,41.34291458,0.134577319,0,0,0,0,0,0,0,0,0,23.75,0,0,0,0,0,0,0,0,0,0,0,0,0,0,0,0,0,0,0,0,0,0,0,0,0,0,0,0,5,0,0,0,0,0,0,0,0,0,0,0,0,0
HTR_278,20.52941667,-32.04119444,250,18.1,10.89999962,0,1321,218,13.5,42.69031906,0.137710348,0,2.5,0,0,0,0,0,0,0,15,0,0,0,0,0,0,0,0,0,0,0,0,0,0,0,0,0,0,0,0,0,0,0,0,0,0,0,0,5,0,0,0,0,0,0,0,0,0,0,0,0,0
HTR_279,20.60938889,-32.1625,275,18.1,9.699999809,-0.400000006,1529,231,12.5,35.70059967,0.200985357,0,0,0,0,0,0,0,2.5,0,5,0,0,0,0,0,0,0,0,0,0,0,0,0,0,0,0,0,0,0,0,0,0,2.5,0,0,0,0,0,5,0,0,0,0,0,0,0,0,0,0,0,0,0
HTR_28,19.40772222,-31.5035,218,43.4,13.89999962,4.5,778,219,17.10000038,69.12349701,0.115118586,0,7.5,0,0,0,0,0,2.5,2.5,15,0,0,0,0,0,0,0,0,0,0,0,0,0,0,0,0,0,0,0,0,0,0,0,0,0,0,0,0,0,0,0,0,0,0,0,0,0,0,0,0,0,0
HTR_28_ak,19.77505556,-31.42833333,208,30.1,12.89999962,2.400000095,1111,188,15.89999962,31.65402031,0.072926365,2.5,0,0,0,0,0,0,0,0,12.5,2.5,0,0,0,0,0,0,0,0,0,0,2.5,0,2.5,0,2.5,0,0,0,0,5,0,0,0,0,0,2.5,2.5,5,0,0,0,0,0,0,0,0,0,0,0,0,0
HTR_280,20.60647222,-32.18186111,277,18.1,9.300000191,-0.699999988,1609,227,12.10000038,25.16963768,0.202481493,0,0,0,0,0,0,0,2.5,0,15,0,0,0,0,0,0,0,0,0,0,0,0,2.5,0,0,0,0,0,0,0,0,0,0,0,0,0,0,0,37.5,0,0,0,0,0,0,0,0,0,0,0,0,0
HTR_281,20.59619444,-32.22680556,264,26.5,9.600000381,-0.300000012,1541,220,12.39999962,35.19102097,0.196374595,0,0,0,0,0,0,0,0,0,7.5,0,0,0,0,0,0,0,0,0,0,0,0,0,0,0,0,0,0,0,0,0,0,0,0,0,0,0,0,5,0,0,0,0,0,0,0,0,0,0,2.5,0,0
HTR_282,20.66077778,-32.31863889,252,26.5,10.10000038,0,1384,220,12.89999962,21.15522575,0.133111089,0,0,0,0,0,0,0,0,0,13.75,0,0,0,0,0,0,0,0,0,0,0,0,0,0,0,0,0,0,0,0,2.5,0,0,0,0,0,0,0,2.5,0,0,0,0,0,0,0,0,0,0,0,0,0
HTR_283,20.65813889,-32.41325,286,26.5,9.600000381,-0.200000003,1465,219,12.39999962,23.53816986,0.137938082,0,0,0,0,0,0,0,0,0,15,0,0,0,0,0,0,0,0,0,0,0,0,2.5,0,0,0,0,0,0,0,0,0,0,0,0,0,0,0,0,0,0,0,0,0,0,0,0,0,0,0,0,0
HTR_284,20.65786111,-32.41327778,286,26.5,9.600000381,-0.200000003,1463,219,12.39999962,23.53816986,0.137938082,0,0,0,0,0,0,0,0,0,20,0,0,0,0,0,0,0,0,0,0,0,0,2.5,0,0,0,0,0,0,0,0,0,0,0,0,0,0,0,0,0,0,0,0,0,0,0,0,0,0,0,0,0
HTR_285,20.61138889,-32.44841667,283,26.5,9.100000381,-0.699999988,1608,206,12,15.2444191,0.222556248,0,0,0,0,0,0,0,0,0,45,0,0,0,0,0,0,0,0,0,0,0,0,0,0,0,0,0,0,0,0,0,0,0,0,0,0,0,0,2.5,0,0,0,0,0,0,0,0,0,0,0,0,0
HTR_286,20.49816667,-32.36819444,253,26.5,9.600000381,-0.300000012,1526,216,12.39999962,17.32583809,0.246402875,0,0,0,0,0,0,0,2.5,0,16.25,2.5,0,0,0,0,0,0,0,0,0,0,0,2.5,0,0,0,0,0,0,0,0,0,0,0,0,0,0,0,2.5,0,0,0,0,0,0,0,0,2.5,0,0,0,0
HTR_287,20.49463889,-32.34616667,256,15.6,9.600000381,-0.400000006,1555,229,12.39999962,14.29062366,0.245780021,0,0,0,0,0,0,0,0,0,7.5,0,0,0,0,0,0,0,0,0,0,0,0,0,0,0,0,0,0,0,0,0,0,0,0,0,0,0,0,8.75,0,0,0,0,0,0,0,0,0,0,0,0,0
HTR_288,20.57094444,-32.45158333,308,26.5,9.5,-0.400000006,1539,215,12.30000019,16.19021225,0.248419076,0,0,0,0,0,0,0,0,0,45,2.5,0,0,0,0,0,0,0,0,0,0,0,2.5,0,0,0,0,0,0,0,0,0,0,0,0,0,0,0,5,0,0,0,0,0,0,0,0,0,0,0,0,0
HTR_289,20.49555556,-32.44833333,252,30.8,9.699999809,-0.300000012,1508,205,12.5,13.12110138,0.235880628,0,0,0,0,0,0,0,0,0,16.25,0,0,0,0,0,0,0,0,0,0,0,0,0,0,0,0,0,0,0,0,0,0,2.5,0,0,0,0,0,5,0,0,0,0,0,0,0,0,2.5,0,0,0,0
HTR_29,19.12861111,-31.42513889,313,43.4,13.89999962,5.199999809,729,215,17.10000038,25.28884506,0.106953219,0,2.5,0,0,0,0,0,0,0,2.5,0,0,0,0,0,0,0,0,0,0,0,0,2.5,0,0,0,0,0,0,0,0,0,0,0,0,0,0,0,5,0,0,0,0,0,0,0,0,0,0,0,0,0
HTR_29_ak,19.77744444,-31.42452778,231,30.1,12.60000038,2.099999905,1114,206,15.60000038,31.65402031,0.072926365,0,0,0,0,2.5,0,0,2.5,0,25,0,0,0,0,0,0,2.5,0,2.5,0,15,2.5,0,0,0,2.5,0,0,0,0,2.5,0,0,0,0,0,5,0,5,0,0,0,0,0,2.5,2.5,0,0,0,0,0,0
HTR_290,20.40061111,-32.21469444,232,15.6,11.5,0.400000006,1241,217,14,39.37728119,0.138453126,0,5,0,0,0,0,0,0,0,11.25,0,0,0,0,0,0,0,0,0,0,0,0,2.5,0,0,0,0,0,0,0,0,0,0,0,0,0,0,0,5,0,0,0,0,0,0,0,0,0,0,0,2.5,0
HTR_291,20.43644444,-32.206,234,15.6,11.39999962,0.300000012,1259,218,14,48.92797089,0.121966861,0,0,0,0,0,0,0,0,0,25,0,0,0,0,0,0,0,0,0,0,0,0,0,0,0,0,0,0,0,0,0,0,0,0,0,0,0,0,2.5,0,0,0,0,0,0,0,0,0,0,0,0,0
HTR_292,20.39397222,-32.18577778,223,15.6,11.80000019,0.400000006,1234,217,14.19999981,39.71862793,0.120132446,0,2.5,0,0,0,0,0,2.5,0,22.5,0,0,0,0,0,0,0,0,0,0,0,0,0,0,0,0,0,0,0,0,0,0,0,0,0,0,0,0,0,0,0,0,0,0,0,0,0,0,0,0,0,0
HTR_293,20.39969444,-32.15180556,228,15.6,11.80000019,0.400000006,1216,215,14.19999981,36.18872452,0.117097691,0,2.5,0,0,0,0,0,0,0,11.25,0,0,0,0,0,0,0,0,0,0,0,0,0,0,0,0,0,0,0,0,0,0,0,0,0,0,0,0,2.5,0,0,0,0,0,0,0,0,2.5,0,0,0,0
HTR_298,20.78044444,-32.18586111,232,18.1,10.60000038,0.100000001,1358,213,13.30000019,35.09682465,0.108229019,0,2.5,0,0,0,0,0,2.5,0,7.5,0,0,0,0,0,0,0,0,0,0,0,0,0,0,0,0,0,0,0,0,0,0,0,0,0,0,0,0,0,0,0,0,0,0,0,0,0,0,0,0,0,0
HTR_3,19.25511111,-31.544,260,51.5,14.10000038,4.699999809,810,203,17.20000076,25.27614212,0.146830603,0,10,0,0,0,0,2.5,2.5,5,20,0,0,0,0,0,0,2.5,0,0,0,0,2.5,0,0,0,0,0,0,0,0,0,0,0,0,0,0,0,0,2.5,0,0,0,0,0,0,0,0,0,0,0,0,0
HTR_3_ak,19.77583333,-31.44594444,209,30.1,13.10000038,3.299999952,1039,216,16.20000076,64.09658051,0.077641219,2.5,2.5,0,0,0,0,0,0,2.5,35,0,0,0,0,0,0,0,0,0,0,0,0,0,2.5,0,2.5,0,0,0,0,5,0,0,0,0,0,5,0,7.5,0,0,0,0,0,0,0,0,5,0,0,0,0
HTR_3_nieu,19.04081,-31.27577,387,44.3,13.89999962,5.300000191,779,215,17.20000076,14.99854279,0.080308974,0,0,0,0,0,0.2,0,0,0,0.9,0.2,0,0,0,0,0,0,15,0,0,0,0,0,0,0,0.2,0,0,0,0,0,0,0.1,0,0,0,1,0,27,0.2,7,81,0,1,0,0,0,19,0,0,0,0
HTR_30,19.17416667,-31.47088889,280,43.4,14.10000038,5,697,215,17.10000038,31.27992058,0.105188057,0,5,0,2.5,0,0,0,2.5,0,12.5,0,0,0,0,0,0,0,0,0,0,0,0,2.5,0,0,0,0,0,0,0,0,0,0,0,0,0,0,0,2.5,0,0,0,0,0,0,0,0,0,0,0,0,0
HTR_30_ak,19.77961111,-31.42327778,231,30.1,12.60000038,2.099999905,1082,215,15.60000038,24.66641235,0.072320476,0,0,0,0,2.5,0,0,0,2.5,22.5,0,0,0,0,0,0,2.5,0,2.5,0,2.5,2.5,0,0,0,0,0,0,0,0,2.5,0,0,0,0,0,2.5,0,2.5,2.5,0,0,0,0,2.5,2.5,0,2.5,0,0,0,0
HTR_303,20.96261111,-32.33858333,224,18.8,11.69999981,1.100000024,1364,232,13.89999962,41.25279999,0.134508684,0,0,0,0,0,0,0,0,0,2.5,0,0,0,0,0,0,0,0,0,0,0,2.5,0,0,0,0,0,0,0,0,2.5,0,0,0,0,0,0,0,0,0,0,0,0,0,0,0,0,0,0,0,0,0
HTR_306,20.88088889,-32.40230556,243,20.1,10.5,0.400000006,1438,215,13.10000038,45.62619781,0.12228144,0,5,0,0,0,0,0,0,0,15,0,0,0,0,0,0,0,0,0,0,0,0,0,0,0,0,0,0,0,0,0,0,2.5,0,0,0,0,0,2.5,0,0,0,0,0,0,0,0,0,0,0,0,0
HTR_307,20.81333333,-32.41027778,250,18.8,10.30000019,0.300000012,1486,192,13,24.71015739,0.231299162,0,0,0,0,0,0,0,0,0,17.5,0,0,0,0,0,0,0,0,0,0,0,0,0,0,0,0,0,0,0,0,0,0,0,0,0,0,0,0,0,0,0,0,0,0,0,0,0,0,0,0,0,0
HTR_308,20.96888889,-32.41147222,234,20.1,11.39999962,1,1359,213,13.69999981,38.32346344,0.126004085,0,2.5,0,0,0,0,0,0,0,5,0,0,0,0,0,0,0,0,0,0,0,0,0,0,0,0,0,0,0,0,0,0,0,0,0,0,0,0,2.5,0,0,0,0,0,0,0,0,0,0,0,0,0
HTR_31,19.18111111,-31.50986111,270,51.5,14.39999962,5,751,218,17.10000038,26.67821121,0.100137956,0,2.5,0,0,0,0,0,2.5,0,5,2.5,0,0,0,0,0,0,0,0,0,0,0,0,0,0,0,0,0,0,0,0,0,2.5,0,0,0,0,0,2.5,0,0,0,0,0,0,0,0,0,0,0,0,0
HTR_31_ak,19.77677778,-31.41013889,231,30.1,12.60000038,2.099999905,1113,207,15.60000038,26.60407829,0.071878642,0,2.5,0,0,0,0,0,0,0,25,0,0,0,0,0,0,0,0,0,0,0,2.5,0,0,0,0,0,0,0,0,0,0,0,0,0,0,2.5,0,0,0,0,0,0,0,0,0,0,5,0,0,0,0
HTR_310,21.02247222,-32.41161111,221,11.1,11.39999962,1,1411,215,13.80000019,48.18885803,0.117286652,0,2.5,0,0,0,0,0,2.5,0,12.5,0,0,0,0,0,0,0,0,0,0,0,0,0,0,0,0,0,0,0,0,0,0,0,0,0,0,0,0,2.5,0,0,0,0,0,0,0,0,0,0,0,0,0
HTR_311,21.12980556,-32.47416667,207,11.1,10.89999962,0.600000024,1418,215,13.30000019,36.64982605,0.147208989,0,0,0,0,0,0,0,2.5,0,28.75,0,0,0,0,0,0,0,0,0,0,0,0,0,0,0,0,0,0,0,0,0,0,0,0,0,0,0,0,0,0,0,0,0,0,0,0,0,0,0,0,0,0
HTR_313,21.17811111,-32.46072222,235,11.1,10.69999981,0.400000006,1478,210,13.19999981,20.20153809,0.231044069,0,0,0,0,0,0,0,2.5,0,5,0,0,0,0,0,0,0,0,2.5,0,0,0,0,0,0,0,0,0,0,0,0,0,0,0,0,0,0,0,0,0,0,0,0,0,0,0,0,0,0,0,0,0
HTR_314,21.19352778,-32.45477778,273,11.1,10.10000038,-0.100000001,1603,191,12.60000038,11.67232227,0.2609182,0,0,0,0,0,0,0,0,0,2.5,0,0,0,0,0,0,0,0,0,0,0,0,0,0,0,0,0,0,0,0,0,0,0,0,0,0,0,0,0,0,0,0,0,0,0,0,0,0,0,0,0,0
HTR_315,21.20355556,-32.45127778,273,11.1,10.10000038,-0.100000001,1652,211,12.60000038,17.00156212,0.302317977,0,0,0,0,0,0,0,0,0,20,0,0,0,0,0,0,0,0,0,0,0,0,0,0,0,0,0,0,0,0,0,0,0,0,0,0,0,0,0,0,0,0,0,0,0,0,0,0,0,0,0,0
HTR_316,21.21513889,-32.42738889,249,27,9.300000191,-0.899999976,1633,218,11.80000019,17.76989174,0.301933646,0,0,0,0,0,0,0,0,0,28.75,0,0,0,0,0,0,0,0,0,0,0,0,0,0,0,0,0,0,0,0,0,0,0,0,0,0,0,0,0,0,0,0,0,0,0,0,0,0,0,0,0,0
HTR_318,21.36366667,-32.24475,211,27,12.30000019,0.800000012,1404,216,14.10000038,47.77086639,0.156126082,0,0,0,0,0,0,0,0,0,12.5,0,0,0,0,0,0,0,0,0,0,0,0,0,0,0,0,0,0,0,0,0,0,0,0,0,0,0,0,2.5,0,0,0,0,0,0,0,0,0,0,0,0,0
HTR_319,21.36286111,-32.23944444,205,27,11.39999962,0.600000024,1423,210,13.5,47.46140671,0.156653211,0,0,0,0,0,0,0,0,0,18.75,0,0,0,0,0,0,0,0,0,0,0,0,0,0,0,0,0,0,0,0,0,0,0,0,0,0,0,0,2.5,0,0,0,0,0,0,0,0,0,0,0,0,0
HTR_32,19.18666667,-31.52880556,275,51.5,14.39999962,5,717,215,17.10000038,31.49281502,0.10000138,0,5,0,0,0,0,0,2.5,0,5,0,0,0,0,0,0,0,0,0,0,0,0,0,0,0,0,0,0,0,0,0,0,0,0,0,0,0,0,2.5,0,0,0,0,0,0,0,0,0,0,0,0,2.5
HTR_32_ak,19.77583333,-31.41033333,231,30.1,12.60000038,2.099999905,1117,207,15.60000038,26.60407829,0.071878642,0,0,0,0,0,0,0,0,0,2.5,0,0,0,0,0,0,0,0,0,0,0,0,0,0,0,0,0,0,0,0,0,0,0,0,0,0,0,0,7.5,0,0,0,0,0,0,0,0,0,0,0,0,0
HTR_321,21.43036111,-32.09886111,183,24.3,11.69999981,0.5,1481,193,13.69999981,25.02149773,0.204980552,0,0,0,0,0,0,0,0,0,16.25,0,0,0,0,0,0,0,0,2.5,0,0,0,0,0,0,0,0,0,0,0,0,0,0,0,0,0,0,0,5,0,0,0,0,0,0,0,0,0,0,0,0,0
HTR_322,21.44355556,-32.08566667,174,24.3,12.19999981,0.600000024,1420,218,14,47.42275238,0.165123358,0,7.5,0,0,0,0,0,0,0,18.75,0,0,0,0,0,0,0,0,0,0,0,0,0,0,0,0,0,0,0,0,0,0,0,0,0,0,0,0,0,0,0,0,0,0,0,0,0,0,0,0,0,0
HTR_323,21.74055556,-32.15594444,179,24.3,12.39999962,-0.400000006,1475,200,13.80000019,10.19572735,0.218911439,0,0,0,0,0,0,0,0,0,16.25,0,0,0,0,0,0,0,0,0,0,0,0,0,0,0,0,0,0,0,0,0,0,0,0,0,0,0,0,0,0,0,0,0,0,0,0,0,0,0,0,0,0
HTR_324,21.73252778,-32.11533333,179,31.6,12.89999962,0,1440,219,14.19999981,13.70880699,0.223524645,0,0,0,0,0,0,0,0,0,26.25,0,0,0,0,0,0,0,0,0,0,0,0,0,0,0,0,0,0,0,0,0,0,0,0,0,0,0,0,0,0,0,0,0,0,0,0,0,0,0,0,0,0
HTR_325,20.69111111,-32.48508333,313,26.5,9.399999619,-0.300000012,1557,213,12.30000019,25.17103004,0.252628833,0,0,0,0,0,0,0,0,0,42.5,0,0,0,0,0,0,0,0,0,0,0,0,2.5,0,0,0,0,0,0,0,0,0,0,0,0,0,0,0,5,0,0,0,0,0,0,0,0,0,0,0,0,0
HTR_326,20.72452778,-32.48761111,317,26.5,9.5,-0.200000003,1551,218,12.39999962,30.99630165,0.26891911,0,2.5,0,0,0,0,0,0,0,2.5,0,0,0,0,0,0,0,0,0,0,0,0,37.5,0,0,0,0,0,0,0,0,0,0,0,0,0,0,0,2.5,0,0,0,0,0,0,0,0,0,0,0,0,0
HTR_327,20.80811111,-32.49913889,276,18.8,10,0.100000001,1481,215,12.69999981,39.27478027,0.146422625,0,0,0,0,0,0,0,0,0,5,0,0,0,0,0,0,0,0,0,0,0,0,0,0,0,0,0,0,0,0,0,0,0,0,0,0,0,0,2.5,0,0,0,0,0,0,0,0,0,0,0,0,0
HTR_329,20.84294444,-32.50911111,273,20.1,10.39999962,0.400000006,1453,207,13,18.96302795,0.143119514,0,2.5,0,0,0,0,0,0,0,8.75,0,0,0,0,0,0,0,0,0,0,0,0,0,0,0,0,0,0,0,0,0,0,0,0,0,0,0,0,0,0,0,0,0,0,0,0,0,2.5,0,0,0,0
HTR_33,19.19013889,-31.54361111,269,51.5,14.39999962,5.099999905,707,215,17.10000038,34.74901581,0.087946311,0,2.5,0,0,0,0,0,2.5,0,22.5,0,0,0,0,0,0,0,0,0,0,0,0,2.5,0,0,0,0,0,0,0,0,0,0,0,0,0,0,0,0,0,0,0,0,0,0,0,0,0,0,0,0,2.5
HTR_33_ak,19.77672222,-31.41116667,231,30.1,12.60000038,2.099999905,1109,210,15.60000038,26.60407829,0.071878642,0,2.5,0,0,0,0,0,2.5,0,22.5,0,0,0,0,2.5,0,2.5,0,0,0,0,2.5,0,0,0,0,0,0,0,0,5,0,0,0,0,0,2.5,0,0,2.5,0,0,0,0,0,0,15,0,0,0,0,0
HTR_330,20.85775,-32.50986111,273,20.1,10.39999962,0.400000006,1436,212,13,33.81160355,0.117020316,0,2.5,0,0,0,0,0,0,0,15,0,0,0,0,0,0,0,0,0,0,0,0,0,0,0,0,0,0,0,0,0,0,0,0,0,0,0,0,2.5,0,0,0,0,0,0,0,0,0,0,0,0,2.5
HTR_331,20.87677778,-32.51052778,254,20.1,10.80000019,0.600000024,1424,214,13.30000019,39.64034653,0.108998969,0,2.5,0,0,0,0,0,0,0,10,0,0,0,0,0,0,0,0,0,0,0,0,0,0,0,0,0,0,0,0,0,0,0,0,0,0,0,0,2.5,0,0,0,0,0,0,0,0,0,0,0,0,2.5
HTR_332,20.92033333,-32.51783333,254,20.1,10.60000038,0.5,1424,216,13.10000038,38.93151855,0.119691722,0,0,0,0,0,0,0,0,0,15,0,0,0,0,0,0,0,0,0,0,0,0,0,0,0,0,0,0,0,0,0,0,0,0,0,0,0,0,5,0,0,0,0,0,0,0,0,0,0,0,0,0
HTR_333,20.93202778,-32.52127778,247,20.1,10.60000038,0.5,1434,217,13.10000038,46.98052979,0.131395996,0,5,0,0,0,0,0,0,0,15,0,0,0,0,0,0,0,0,0,0,0,0,2.5,0,0,0,0,0,0,0,0,0,0,0,0,0,0,0,2.5,0,0,0,0,0,0,0,0,0,0,0,0,0
HTR_334,21.09502778,-32.52861111,192,9,10.10000038,0.100000001,1538,214,12.69999981,23.46853065,0.257280827,0,0,0,0,0,0,0,0,0,15,0,0,0,0,0,0,0,0,0,0,0,0,0,0,0,0,0,0,0,0,0,0,0,0,0,0,0,0,2.5,0,0,0,0,0,0,0,0,0,0,0,0,0
HTR_335,21.14511111,-32.52894444,173,9,11.89999962,1.299999952,1396,200,14.10000038,18.70486641,0.17209664,0,0,0,0,0,0,0,0,0,7.5,0,0,0,0,0,0,0,0,0,0,0,0,0,0,0,0,0,0,0,0,0,0,2.5,0,0,0,0,0,2.5,0,0,0,0,0,0,0,0,0,0,0,0,0
HTR_336,20.64425,-32.53216667,328,24.5,9.399999619,-0.400000006,1563,214,12.30000019,19.64221001,0.243748412,0,0,0,0,0,0,0,0,0,21.25,0,0,0,0,0,0,0,0,0,0,0,0,0,0,0,0,0,0,0,0,0,0,0,0,0,0,0,0,2.5,0,0,0,0,0,0,0,0,0,0,0,0,0
HTR_337,20.73877778,-32.5935,326,18.8,9.5,-0.100000001,1573,212,12.39999962,22.07680511,0.24256818,0,0,0,0,0,0,0,0,0,10,0,0,0,0,0,0,0,0,0,0,0,0,0,0,0,0,0,0,0,0,0,0,2.5,0,0,0,0,0,0,0,0,0,0,0,0,0,0,0,0,2.5,0,0
HTR_338,20.75827778,-32.63658333,302,20.1,9.5,-0.100000001,1610,217,12.30000019,12.47758198,0.21976921,0,0,0,0,0,0,0,0,0,5,0,0,0,0,0,0,0,0,0,0,0,0,0,0,0,0,0,0,0,0,0,0,2.5,0,0,0,0,0,0,0,0,0,0,0,0,0,0,0,0,0,0,0
HTR_339,20.76238889,-32.67136111,268,20.9,10.5,0.800000012,1644,209,13.19999981,10.36079121,0.222622588,0,0,0,0,0,0,0,0,0,11.25,0,0,0,0,0,0,0,0,0,0,0,0,2.5,0,0,0,0,0,0,0,0,0,0,0,0,0,0,0,2.5,0,0,0,0,0,0,0,0,0,0,0,0,0
HTR_34,19.17572222,-31.59725,263,51.5,14.30000019,5,731,218,16.89999962,40.89172363,0.131917804,0,2.5,0,0,0,0,0,0,0,2.5,0,0,0,0,0,0,0,0,0,0,0,0,2.5,0,0,0,0,0,0,0,0,0,0,0,0,0,0,0,0,0,0,0,0,0,0,0,0,0,0,0,0,0
HTR_34_ak,19.77627778,-31.41163889,231,30.1,12.60000038,2.099999905,1106,217,15.60000038,26.60407829,0.071878642,0,5,0,0,5,0,0,0,0,25,0,0,0,0,0,0,0,0,2.5,0,0,0,0,0,0,0,2.5,0,0,0,2.5,0,0,0,0,0,2.5,0,0,2.5,0,0,0,0,0,0,2.5,0,0,0,0,0
HTR_340,20.76941667,-32.68444444,276,6.9,10.80000019,1.100000024,1423,200,13.39999962,8.191029549,0.207876787,0,2.5,0,0,0,0,0,2.5,0,17.5,0,0,0,0,0,0,0,0,0,0,0,0,0,0,0,0,0,0,0,0,0,0,0,0,0,0,0,0,65,0,0,0,0,0,0,0,0,0,0,0,0,0
HTR_341,20.77825,-32.69894444,247,6.9,11.69999981,2.099999905,1320,202,14.30000019,14.27377224,0.148711026,0,0,0,0,0,0,0,2.5,0,18.75,0,0,0,0,0,0,0,0,0,0,0,0,0,0,0,0,0,0,0,0,0,0,0,0,0,0,0,0,2.5,0,0,0,0,0,0,0,0,0,0,0,0,0
HTR_342,20.78688889,-32.7105,247,6.9,12.10000038,2.5,1260,202,14.60000038,9.193961143,0.119378708,0,2.5,0,0,0,0,0,2.5,0,16.25,0,0,0,0,0,0,0,0,0,0,0,0,0,0,0,0,0,0,0,0,0,0,0,0,0,0,0,0,2.5,0,0,0,0,0,0,0,0,0,0,0,0,0
HTR_343,20.85730556,-32.70013889,238,16,11.69999981,2,1312,226,14.19999981,16.11731148,0.165137902,0,0,0,0,0,0,0,2.5,0,13.75,0,0,0,0,0,0,0,0,0,0,0,0,0,0,0,0,0,0,0,0,0,0,0,0,0,0,0,0,0,0,0,0,0,0,0,0,0,0,0,0,0,0
HTR_344,20.74358333,-32.72347222,249,6.9,12.19999981,2.599999905,1244,201,14.69999981,8.604370117,0.116901629,0,2.5,0,0,0,0,0,0,0,10,0,0,0,0,0,0,0,0,0,0,0,0,0,0,0,0,0,0,0,0,0,0,0,0,0,0,0,0,7.5,0,0,0,0,0,0,0,0,2.5,0,0,0,0
HTR_345,20.69872222,-32.81644444,228,15.3,13.5,3.799999952,1146,186,15.69999981,9.396287918,0.116457224,0,0,0,0,0,0,0,0,0,27.5,0,0,0,0,0,0,0,0,0,0,0,0,0,0,0,0,0,0,0,0,0,0,2.5,0,0,0,0,0,2.5,0,0,0,0,0,0,0,0,2.5,0,0,0,0
HTR_347,20.33580556,-32.76716667,223,24.5,13.80000019,3.099999905,779,223,16.29999924,30.67345428,0.094441161,0,0,0,0,0,0,0,0,0,7.5,0,0,0,0,0,0,2.5,0,0,0,0,0,0,0,0,0,0,0,0,0,0,0,0,0,0,0,0,0,0,0,0,0,0,0,0,0,0,0,0,0,0,0
HTR_348,20.29544444,-32.78147222,221,24.2,12.89999962,2.5,956,225,15.39999962,23.62828827,0.091815054,0,2.5,0,0,0,0,0,2.5,0,10,0,0,0,0,0,0,0,0,0,0,0,0,0,0,0,0,0,0,0,0,0,0,0,0,0,0,0,0,0,0,0,0,0,0,0,0,0,0,0,0,0,0
HTR_349,20.24869444,-32.78066667,236,24.2,12.69999981,2.400000095,936,216,15.19999981,39.4352951,0.109227493,0,0,0,0,0,0,0,2.5,0,5,0,0,0,0,0,0,2.5,0,0,0,0,0,0,0,0,0,0,0,0,0,0,0,0,0,0,0,0,0,0,0,0,0,0,0,0,2.5,0,0,0,0,0,0
HTR_35,19.15630556,-31.83263889,229,51,16,6.900000095,338,236,18.89999962,5.049379349,0.044606376,0,7.5,0,0,2.5,0,2.5,0,0,5,0,0,0,0,0,0,0,0,0,0,2.5,0,0,0,0,0,0,0,0,0,0,0,0,2.5,0,0,0,0,0,0,0,0,0,0,0,2.5,0,0,0,0,0,5
HTR_35_ak,19.77061111,-31.40933333,221,30.1,12.39999962,2.700000048,1153,221,15.60000038,21.51204109,0.092417233,0,0,0,0,0,0,2.5,0,0,20,0,0,0,0,0,0,0,0,0,0,0,15,0,0,0,0,0,0,0,0,0,0,0,0,0,0,2.5,0,2.5,2.5,0,0,0,0,0,2.5,0,0,0,0,0,0
HTR_350,20.02888889,-32.82783333,192,24.3,15.39999962,3.900000095,634,212,18.10000038,63.77742386,0.085404843,0,8.75,0,0,0,0,0,0,0,5,0,0,0,0,0,0,0,0,0,0,0,0,0,0,0,0,0,0,0,0,0,0,0,0,0,0,0,0,0,0,0,0,0,0,0,0,0,0,0,0,0,0
HTR_352,19.969,-32.87608333,188,24.3,14.10000038,3.799999952,598,215,17.20000076,50.61934662,0.093592994,0,7.5,0,0,0,0,0,0,0,5,0,0,0,0,0,0,0,0,0,0,0,0,0,0,0,0,0,0,0,0,0,0,0,0,0,0,0,0,0,0,0,0,0,0,0,0,0,0,0,0,0,0
HTR_353,19.92519444,-32.94713889,200,36.2,13.89999962,3.900000095,592,214,17,71.79466248,0.082365401,0,7.5,0,0,0,0,0,0,0,8.75,0,0,0,0,0,0,0,0,0,0,0,0,0,0,0,0,0,0,0,0,0,0,0,0,0,0,0,0,0,0,0,0,0,0,0,0,0,0,0,0,0,0
HTR_354,19.88508333,-33.00761111,182,36.2,14.19999981,4.599999905,571,215,17.79999924,38.17108536,0.107204862,0,2.5,0,0,0,0,0,0,2.5,5,0,0,0,0,0,0,0,0,0,0,0,0,0,0,0,0,0,0,0,0,0,0,0,0,0,0,0,0,7.5,0,0,0,0,0,0,0,0,0,0,0,0,0
HTR_36,19.18263889,-31.85583333,227,51,16.20000076,6.900000095,269,228,19.10000038,6.4995718,0.054149963,0,2.5,0,0,2.5,0,0,0,0,2.5,2.5,0,0,0,0,0,0,0,0,0,2.5,0,0,0,0,0,0,0,0,0,0,0,0,2.5,0,0,0,0,0,0,0,0,0,0,0,0,2.5,0,0,0,0,0
HTR_36_ak,19.77561111,-31.41191667,231,30.1,12.60000038,2.099999905,1111,217,15.60000038,26.60407829,0.071878642,0,0,0,0,0,0,0,0,0,42.5,0,0,0,0,2.5,0,0,0,0,0,0,5,0,0,0,0,0,0,0,0,0,0,0,0,0,0,2.5,0,0,0,0,0,0,0,0,0,0,0,0,0,0,0
HTR_362,20.01988889,-31.98755556,280,13.5,12,0.699999988,1370,233,14.60000038,14.28367615,0.180921257,0,0,0,0,0,0,0,2.5,0,7.5,0,0,0,0,0,0,0,0,0,0,0,0,0,0,0,0,0,0,0,0,0,0,0,0,0,0,0,0,40,2.5,0,0,0,0,0,0,0,0,0,0,0,0
HTR_363,20.02397222,-31.97761111,280,13.5,12,0.699999988,1296,227,14.60000038,26.36826324,0.105290778,0,0,0,0,0,0,0,2.5,0,5,0,0,0,0,0,0,0,0,0,0,0,2.5,2.5,0,0,0,0,0,0,0,2.5,0,0,0,0,0,0,0,8.75,2.5,0,0,0,0,0,0,0,0,0,0,0,0
HTR_364,20.02633333,-31.9305,318,13.5,11.89999962,0.400000006,1332,202,14.39999962,15.37892628,0.143573672,0,0,0,0,0,0,0,0,0,7.5,0,0,0,0,0,0,0,0,0,0,0,0,0,0,0,0,0,0,0,0,2.5,0,0,0,0,0,0,0,7.5,0,0,0,0,0,0,0,0,2.5,0,0,0,0
HTR_365,20.02894444,-31.92222222,335,13.5,11.80000019,0.400000006,1390,202,14.39999962,15.48349762,0.135501415,0,0,0,0,0,0,0,2.5,2.5,17.5,0,0,0,0,0,0,0,0,0,0,0,2.5,2.5,0,0,0,0,0,0,0,0,0,0,0,0,0,0,0,7.5,0,0,0,0,0,0,0,0,2.5,0,8.75,0,0
HTR_366,19.84858333,-31.33497222,216,31.2,11.60000038,0.899999976,1250,227,14.5,23.82117081,0.139376894,0,0,0,0,0,0,0,2.5,0,26.25,0,0,0,0,0,0,0,0,0,0,0,0,0,0,0,0,0,0,0,0,0,0,0,0,0,0,0,0,2.5,0,0,0,0,0,0,0,0,0,0,0,0,0
HTR_367,19.83055556,-31.33705556,217,31.2,11,0.400000006,1386,241,14,22.73388863,0.144251466,0,0,0,0,0,0,0,0,0,7.5,0,0,0,0,0,0,0,0,0,0,0,0,0,0,0,0,2.5,0,0,0,0,0,0,0,0,0,0,0,2.5,0,0,0,0,0,0,0,0,0,0,0,0,0
HTR_368,19.80619444,-31.34602778,220,31.2,10.30000019,0,1556,216,13.39999962,26.98574066,0.118182927,0,0,0,0,0,0,0,0,0,5,0,0,0,0,0,0,0,0,0,0,0,0,0,0,0,0,0,0,0,0,0,0,0,0,0,0,0,0,2.5,0,0,0,0,0,0,0,0,0,0,18.75,0,0
HTR_369,19.78163889,-31.38569444,226,30.1,10.60000038,0.400000006,1591,213,13.69999981,28.22411919,0.126712829,0,0,0,0,0,0,0,0,0,7.5,0,0,0,0,0,0,0,0,0,0,0,0,2.5,0,0,0,0,0,0,0,0,0,0,0,0,0,0,0,7.5,0,0,0,0,0,0,0,0,0,0,2.5,0,0
HTR_37,19.18797222,-31.86041667,260,51,16.20000076,6.900000095,313,223,19.10000038,7.034556866,0.056333184,0,5,0,0,0,0,0,0,0,0,0,0,0,0,0,0,0,0,0,0,2.5,0,0,0,0,0,0,0,0,0,0,0,0,0,0,0,0,0,18.75,0,0,0,0,0,0,0,0,0,0,0,0,2.5
HTR_37_ak,19.77825,-31.41536111,231,30.1,12.60000038,2.099999905,1094,213,15.60000038,24.66641235,0.072320476,0,0,0,0,0,0,0,2.5,0,37.5,0,0,0,2.5,2.5,0,2.5,0,0,0,0,2.5,0,0,0,0,0,0,0,0,0,0,0,0,0,0,0,0,0,0,0,0,0,0,0,2.5,0,2.5,0,0,2.5,0
HTR_370,19.79563889,-31.35775,220,31.2,10.30000019,0,1582,224,13.39999962,25.35117531,0.120155126,0,0,0,0,0,0,0,0,0,20,0,0,0,0,0,0,0,0,0,0,0,0,2.5,0,0,0,0,0,0,0,0,0,2.5,0,0,0,0,2.5,2.5,0,0,0,0,0,0,0,0,0,0,2.5,0,0
HTR_371,19.81577778,-31.33988889,219,31.2,10.80000019,0.200000003,1484,176,13.80000019,25.21627235,0.114651084,0,0,0,0,0,0,0,0,0,0,0,0,0,0,0,0,0,0,2.5,0,0,0,0,0,0,0,0,0,0,0,0,0,0,0,0,0,0,0,0,0,0,0,0,2.5,0,0,0,0,0,2.5,0,0
HTR_372,20.56291667,-32.55772222,296,24.5,10.60000038,0.699999988,1051,243,13.39999962,10.50848103,0.123982228,0,5,0,0,0,0,0,0,0,42.5,0,0,0,0,0,0,2.5,0,0,0,0,0,0,0,0,0,0,0,0,0,0,0,0,0,0,0,0,0,0,0,0,0,0,0,0,2.5,0,0,0,0,0,0
HTR_373,20.02725,-31.43580556,188,16.8,12.89999962,1.399999976,1096,215,15.60000038,65.8059845,0.116335489,0,2.5,0,0,0,0,0,0,0,2.5,0,0,0,0,0,0,0,0,0,0,0,0,0,0,0,0,0,0,0,0,0,0,0,0,0,0,0,0,11.25,0,0,0,0,0,0,0,0,0,0,0,0,0
HTR_376,20.01238889,-31.45652778,193,16.8,13.10000038,1.399999976,1086,219,15.69999981,69.58690643,0.119691484,0,5,0,0,0,0,0,0,0,2.5,0,0,0,0,0,0,0,0,0,0,0,0,0,0,0,0,0,0,0,0,0,0,0,0,0,0,0,0,2.5,0,0,0,0,0,0,0,0,0,0,0,0,0
HTR_377,19.02330556,-32.012,200,49.2,15.89999962,6.400000095,259,213,18.89999962,5.531030178,0.048616875,0,2.5,0,0,0,0,0,0,0,5,0,0,0,0,0,0,0,0,0,0,2.5,0,0,0,0,0,0,0,0,0,0,0,0,0,0,0,0,0,0,0,0,0,0,0,0,0,0,0,0,0,0,2.5
HTR_378,19.01391667,-31.99933333,177,49.2,16.10000038,6.400000095,226,221,19.10000038,7.919221878,0.065342613,0,7.5,0,0,0,0,0,0,0,0,0,0,0,0,0,0,2.5,0,0,0,2.5,0,0,0,0,0,0,0,0,0,0,0,0,0,0,0,0,0,2.5,0,0,0,0,0,0,0,0,0,0,0,0,0
HTR_379,18.9775,-31.95602778,175,49.2,17,6.5,191,220,19.79999924,20.94151878,0.071564846,0,2.5,2.5,0,0,0,0,0,0,5,0,0,0,0,0,0,0,0,0,0,0,0,0,0,0,0,0,0,0,0,0,0,0,0,0,0,0,0,0,0,0,0,0,0,0,0,0,0,0,0,0,0
HTR_38,19.19597222,-31.86991667,221,51,15.80000019,6.900000095,344,220,18.70000076,6.030426502,0.062264934,0,10,0,0,0,0,0,0,0,7.5,0,0,0,0,0,0,0,0,0,0,0,0,0,0,0,0,0,0,0,0,0,0,0,0,0,0,0,0,0,0,0,0,0,0,0,0,0,0,0,0,0,0
HTR_38_ak,19.77819444,-31.41491667,231,30.1,12.60000038,2.099999905,1096,210,15.60000038,26.60407829,0.071878642,0,62.5,0,0,0,0,0,0,0,12.5,0,0,0,0,0,0,0,0,0,0,0,0,0,0,0,0,0,0,0,0,5,0,0,0,0,0,2.5,0,0,0,0,0,0,0,0,0,0,2.5,0,0,0,0
HTR_380,18.95336111,-31.94555556,183,49.2,16.5,6.5,204,227,19.29999924,16.75472069,0.09384384,0,2.5,2.5,0,0,0,0,0,0,5,0,0,0,0,0,0,2.5,0,0,0,2.5,0,0,0,0,0,0,0,0,0,0,0,0,0,0,0,0,0,2.5,0,0,0,0,0,0,0,0,0,0,0,0,0
HTR_381,19.24905556,-32.14094444,273,46.7,15.80000019,5.300000191,306,222,17.79999924,7.630728245,0.075228959,0,2.5,0,0,0,0,0,0,0,0,0,0,0,0,0,0,2.5,0,0,0,2.5,0,0,0,0,0,0,0,0,0,0,0,0,0,0,0,0,0,0,0,0,0,0,0,0,0,0,0,0,0,0,2.5
HTR_384,18.92544444,-31.72838889,216,43.1,16,6.800000191,184,214,18.79999924,19.47948265,0.055874139,0,10,0,0,0,0,0,0,0,5,0,0,0,0,0,0,2.5,0,0,0,2.5,0,0,0,0,0,0,0,0,0,0,0,0,0,0,0,0,0,2.5,0,0,0,0,0,0,2.5,0,0,0,0,0,0
HTR_386,19.62147222,-32.32738889,72,27.5,19.29999924,5.900000095,285,219,20.5,38.74228287,0.056259874,0,0,0,0,0,0,0,0,0,0,0,0,0,0,0,0,0,0,0,0,0,0,0,0,0,0,0,0,0,0,0,0,0,0,0,0,0,0,2.5,0,0,0,0,0,0,0,0,0,0,0,0,0
HTR_39,19.19105556,-31.88480556,242,51,16.29999924,6.900000095,352,217,19.20000076,6.827939987,0.077431694,0,12.5,0,0,0,0,0,2.5,0,12.5,0,0,0,0,0,0,2.5,0,0,0,2.5,0,0,0,0,0,0,0,0,0,0,0,0,0,0,0,0,0,0,0,0,0,0,0,0,0,0,0,0,0,0,0
HTR_39_ak,19.77894444,-31.41522222,231,30.1,12.60000038,2.099999905,1086,208,15.60000038,26.60407829,0.071878642,0,15,0,0,5,0,0,0,0,7.5,0,0,0,0,0,2.5,0,0,0,0,2.5,0,0,0,0,0,0,0,0,0,2.5,0,0,0,0,0,2.5,0,2.5,0,0,0,0,0,0,2.5,2.5,2.5,0,0,0,0
HTR_390,18.58872222,-30.91644444,170,35.9,15.19999981,7.300000191,399,216,18.70000076,36.30522537,0.040090229,0,70,0,0,0,0,0,2.5,0,2.5,0,0,0,0,0,0,0,0,0,0,2.5,0,0,0,0,0,0,0,0,0,0,0,0,0,0,0,0,0,0,0,0,0,0,0,0,0,0,0,0,0,0,0
HTR_4,19.24866667,-31.495,263,43.4,14,4.699999809,742,219,17.20000076,28.44039536,0.073470376,0,5,0,0,0,0,2.5,0,2.5,15,0,2.5,0,0,0,0,0,0,0,0,0,0,0,0,0,0,2.5,0,0,0,2.5,0,0,0,0,0,0,0,2.5,0,0,0,0,0,0,0,0,0,0,0,0,0
HTR_4_ak,19.77680556,-31.445,209,30.1,13.10000038,3.299999952,1049,217,16.20000076,64.09658051,0.077641219,0,15,0,0,0,0,0,0,0,15,0,0,0,0,0,0,5,0,0,0,2.5,0,0,5,0,2.5,0,0,0,0,0,0,0,0,0,0,2.5,0,2.5,0,0,0,0,0,0,0,0,5,2.5,0,0,0
HTR_4_nieu,19.04072,-31.27538,387,44.3,13.89999962,5.300000191,780,217,17.20000076,14.99854279,0.080308974,0,0,0,0,1,0.3,0,0,1,1.2,0,0,0,0,0,0,0,4,0,0,0,0,0.5,0,0,1,0,0,0.5,0,1,0,0,0,0.5,0,6.2,0,2.2,0,27,87,0,0,0,0,0,0,0,0.5,0,0
HTR_40,19.18655556,-31.89472222,218,51,16.5,7,328,225,19.5,9.25920105,0.070491694,0,2.5,0,0,0,0,0,2.5,0,10,0,0,0,0,0,0,2.5,0,0,0,2.5,0,0,0,0,0,0,0,0,0,0,0,0,0,0,0,0,0,0,0,0,0,0,0,0,0,0,0,0,0,0,0
HTR_40_ak,19.78263889,-31.4245,231,30.1,12.60000038,2.099999905,1061,214,15.60000038,34.91203308,0.115943365,2.5,0,0,0,0,0,0,0,0,60,0,0,0,0,0,0,2.5,0,0,0,0,0,0,0,0,2.5,0,0,0,0,0,0,0,0,0,0,2.5,0,0,0,0,0,0,0,0,0,0,0,0,0,0,0
HTR_41,19.20255556,-31.90847222,149,46.7,16.60000038,7,321,217,19.60000038,5.414083958,0.082594946,0,7.5,2.5,0,0,0,0,0,0,7.5,0,0,0,0,0,0,5,0,0,0,0,0,0,0,0,0,0,0,0,0,0,0,0,0,0,0,0,0,0,0,0,0,0,0,0,0,0,0,0,0,0,0
HTR_41_ak,19.76713889,-31.45127778,198,30.1,13.10000038,3.400000095,1043,214,16.20000076,39.95227051,0.118855298,0,2.5,0,0,0,0,0,0,2.5,7.5,0,0,2.5,0,0,0,2.5,0,0,0,0,0,0,2.5,0,2.5,0,0,0,0,0,0,0,0,0,0,5,0,2.5,0,0,0,0,0,0,0,0,0,0,0,0,0
HTR_42,19.20441667,-31.93983333,148,46.7,16.79999924,7,243,215,19.70000076,14.42724895,0.101690814,0,5,0,0,0,0,0,0,0,0,0,0,0,0,0,0,0,0,0,0,0,0,0,0,0,0,0,0,0,0,0,0,0,0,0,0,0,0,8.75,0,0,0,0,0,0,0,0,0,0,0,0,0
HTR_42_ak,19.76758333,-31.45075,198,30.1,13.10000038,3.400000095,1035,215,16.20000076,39.95227051,0.118855298,0,5,0,0,0,0,0,0,2.5,7.5,0,0,0,0,0,0,0,0,0,0,0,0,2.5,0,0,2.5,0,0,0,0,2.5,0,0,0,0,0,2.5,0,20,0,0,0,0,0,0,0,0,2.5,0,0,0,0
HTR_43,19.17886111,-32.051,243,46.7,15.80000019,5.900000095,310,228,18.39999962,5.513090134,0.06183191,0,7.5,0,0,0,0,0,0,0,17.5,0,0,0,0,0,0,0,0,0,0,2.5,0,0,0,0,0,0,0,0,0,0,0,0,8.75,0,0,0,0,2.5,0,0,0,0,0,0,0,0,0,0,0,0,2.5
HTR_43_ak,19.76077778,-31.44527778,198,30.1,13.10000038,3.400000095,1068,210,16.20000076,56.51943588,0.075556204,0,5,0,0,0,0,0,0,0,50,0,0,0,2.5,0,0,5,0,0,0,0,0,0,2.5,0,0,0,0,0,0,0,0,0,0,0,0,5,0,0,0,0,0,0,0,0,0,0,0,2.5,0,0,0
HTR_44,19.22108333,-32.01863889,166,46.7,16.60000038,6.300000191,211,218,19.29999924,17.76197624,0.078638621,0,7.5,2.5,0,0,0,0,0,0,5,0,0,0,0,0,0,0,0,0,0,0,0,0,0,0,0,0,0,0,0,0,0,0,0,0,0,0,0,0,0,0,0,0,0,0,0,0,0,0,0,0,0
HTR_44_ak,19.75627778,-31.44286111,202,30.1,13,3.400000095,1114,208,16.20000076,23.91623116,0.087443829,0,0,0,0,15,0,2.5,0,0,22.5,0,0,0,0,0,0,2.5,0,0,0,0,0,0,0,0,0,0,0,0,0,0,0,0,0,0,0,2.5,0,0,0,0,0,0,0,0,0,0,0,0,0,0,0
HTR_45,19.22833333,-32.00669444,157,46.7,17.39999962,6.199999809,188,216,19.79999924,17.7806263,0.085676476,0,5,0,0,0,0,0,0,0,5,0,0,0,0,0,0,0,0,0,0,2.5,0,0,0,0,0,0,0,0,0,0,0,0,0,0,0,0,0,0,0,0,0,0,0,0,0,0,0,0,0,0,0
HTR_45_ak,19.75616667,-31.442,202,30.1,13,3.400000095,1110,213,16.20000076,23.91623116,0.087443829,0,0,0,0,0,0,0,2.5,0,25,0,0,0,0,0,0,2.5,0,0,0,0,0,0,0,0,0,0,0,0,0,0,0,0,0,0,0,5,0,0,0,0,0,0,0,0,0,0,0,2.5,0,0,0
HTR_46,19.22783333,-31.99894444,157,46.7,17.39999962,6.199999809,189,223,19.79999924,17.7806263,0.085676476,0,15,0,0,0,0,0,0,0,5,0,0,0,0,0,0,0,0,0,0,2.5,0,0,0,0,0,0,0,0,0,0,0,0,0,0,0,0,0,0,0,0,0,0,0,0,0,0,0,0,0,0,0
HTR_46_ak,19.75769444,-31.44266667,202,30.1,13,3.400000095,1098,217,16.20000076,56.51943588,0.075556204,0,2.5,0,0,0,0,0,2.5,0,12.5,0,0,0,0,0,0,7.5,0,0,0,0,0,0,2.5,0,0,0,0,0,0,0,0,2.5,0,0,0,0,0,2.5,2.5,0,0,0,0,0,0,0,2.5,0,0,0,0
HTR_47,19.23961111,-31.94319444,90,46.7,17.20000076,6.5,224,212,20,10.91504765,0.09232606,0,10,2.5,0,0,0,0,0,0,10,0,0,0,0,0,0,0,0,0,0,0,0,0,0,0,0,0,0,0,0,0,0,0,0,0,0,0,0,2.5,0,0,0,0,0,0,0,0,0,0,0,0,0
HTR_47_ak,19.75902778,-31.443,198,30.1,13.10000038,3.400000095,1083,205,16.20000076,56.51943588,0.075556204,0,0,0,0,2.5,0,2.5,2.5,0,17.5,0,0,0,0,0,0,5,15,2.5,0,2.5,0,0,0,0,0,0,0,0,0,0,0,0,0,0,0,2.5,0,2.5,0,0,0,0,0,0,0,0,0,0,0,0,0
HTR_48,19.27263889,-31.88052778,192,46.7,15.89999962,6.5,426,207,18.60000038,6.496883869,0.055986963,0,5,2.5,0,0,0,0,0,2.5,10,0,0,0,0,0,0,0,0,0,0,0,0,0,0,0,0,0,0,0,0,0,0,0,0,0,0,0,0,0,0,0,0,0,0,0,0,0,0,0,0,0,0
HTR_48_ak,19.7595,-31.44305556,198,30.1,13.10000038,3.400000095,1083,210,16.20000076,56.51943588,0.075556204,0,2.5,0,0,2.5,0,0,0,0,10,0,0,0,0,0,0,0,2.5,2.5,0,0,0,0,0,0,0,2.5,0,0,0,2.5,0,0,0,0,0,2.5,0,2.5,0,0,0,0,0,0,0,0,0,0,0,0,0
HTR_49,19.2715,-31.8505,224,46.7,15.60000038,6.400000095,474,215,18.10000038,8.070800781,0.054220524,0,2.5,0,0,0,0,0,0,0,10,2.5,0,0,0,0,0,2.5,0,0,0,2.5,0,0,0,0,0,0,0,0,0,0,0,0,0,0,0,0,0,0,0,0,0,0,0,0,0,0,0,0,0,0,0
HTR_49_ak,19.76011111,-31.44311111,198,30.1,13.10000038,3.400000095,1084,210,16.20000076,56.51943588,0.075556204,0,2.5,0,0,0,0,2.5,0,0,30,2.5,0,0,0,0,0,0,0,0,0,2.5,0,0,5,0,0,0,0,0,0,2.5,0,0,0,0,0,5,0,0,0,0,0,0,0,0,0,0,5,0,0,0,0
HTR_5,19.47972222,-31.48455556,213,30.1,14.30000019,4.300000191,823,214,17.29999924,69.27333069,0.112415537,0,7.5,0,0,0,0,0,0,0,12.5,0,0,0,0,0,0,0,0,0,0,0,0,0,0,0,2.5,0,0,0,0,2.5,0,0,0,0,0,0,0,0,0,0,0,0,0,0,0,0,2.5,0,0,0,5
HTR_5_ak,19.77569444,-31.451,209,30.1,13.10000038,3.299999952,1045,195,16.20000076,69.63700104,0.076032326,0,0,0,0,0,0,0,0,2.5,12.5,0,0,2.5,0,0,0,0,0,0,0,0,2.5,0,2.5,0,2.5,0,0,0,0,2.5,0,0,0,0,0,5,0,40,0,0,0,0,0,0,0,0,0,0,0,0,0
HTR_5_nieu,19.04989,-31.27247,352,44.3,14,5.400000095,764,219,17.39999962,15.50954151,0.071799375,0,2.6,0,0,0,0,0,0.5,1,24.3,0.2,0,0,0,0,0.5,0,4,0,0,0,5.5,1,0,0,1.1,0,0,0,0,0,0,0.5,0,0,0,10,0,11,17,0,8.5,0,0,0,2,0,0.8,0,8,0,0
HTR_50,19.28622222,-31.78011111,210,39,14.60000038,5.099999905,733,206,17.29999924,13.25712299,0.076083936,0,0,0,0,0,0,0,0,0,67.5,0,2.5,0,0,0,0,0,0,0,0,0,0,0,0,0,0,0,0,0,0,0,0,0,0,0,0,0,0,0,0,0,0,0,0,0,0,0,0,0,0,0,0
HTR_50_ak,19.77541667,-31.42680556,229,30.1,12.89999962,2.400000095,1119,206,15.89999962,31.65402031,0.072926365,0,2.5,0,0,0,0,0,2.5,0,15,0,0,2.5,0,0,0,5,0,0,0,0,0,0,0,0,0,0,0,0,0,0,0,0,0,0,0,5,0,5,0,0,0,0,0,0,0,0,0,0,0,0,0
HTR_51,19.30280556,-31.71975,224,39,14.5,3.799999952,704,212,18.5,32.66843033,0.086304389,0,5,2.5,0,0,0,0,2.5,0,10,0,0,0,0,0,0,0,0,0,0,0,0,0,0,0,0,0,0,0,0,0,0,0,0,0,0,0,0,0,0,0,0,0,0,0,0,0,0,0,0,0,0
HTR_51_ak,19.77547222,-31.42666667,229,30.1,12.89999962,2.400000095,1123,206,15.89999962,31.65402031,0.072926365,0,2.5,0,0,0,0,0,0,0,10,0,0,0,0,0,0,2.5,0,2.5,0,2.5,0,0,0,0,0,0,0,0,0,0,0,0,0,0,0,0,0,7.5,0,0,0,0,0,0,0,0,2.5,0,0,0,0
HTR_52,19.2895,-31.70286111,221,39,14.39999962,3.799999952,748,221,18.39999962,32.45661163,0.094359137,0,7.5,0,0,0,0,0,0,0,26.25,2.5,0,0,0,0,0,0,0,0,0,0,0,0,0,0,0,0,0,0,0,0,0,0,0,0,0,0,0,0,0,0,0,0,0,0,0,0,0,0,0,0,0
HTR_52_ak,19.77325,-31.42519444,208,30.1,12.69999981,3,1146,194,15.89999962,21.61776161,0.09487199,0,0,0,0,2.5,0,0,0,0,5,0,0,0,0,0,0,2.5,0,2.5,0,0,0,0,0,0,0,0,0,0,0,2.5,0,0,0,0,0,2.5,0,2.5,0,0,0,0,0,0,0,0,0,0,0,2.5,0
HTR_53,19.246,-31.63588889,247,51,14.5,5.099999905,680,214,17.29999924,37.2678833,0.097910792,0,2.5,0,0,0,0,0,0,0,5,2.5,0,0,0,0,0,0,0,0,0,0,0,0,0,0,0,0,0,0,0,0,0,0,0,0,0,0,0,2.5,0,0,0,0,0,0,0,0,0,0,0,0,0
HTR_53_ak,19.77311111,-31.42522222,208,30.1,12.69999981,3,1147,194,15.89999962,21.61776161,0.09487199,0,0,0,0,0,0,2.5,0,0,17.5,0,0,2.5,0,0,0,2.5,0,0,0,2.5,2.5,0,0,0,0,0,0,0,0,0,0,0,0,0,0,0,0,5,0,0,0,0,0,0,2.5,0,0,0,0,0,0
HTR_54,19.37202778,-31.55213889,228,51,13.89999962,4.5,793,220,17.10000038,41.53587723,0.088981465,0,2.5,0,0,0,0,0,2.5,0,15,0,0,0,0,0,0,0,0,0,0,0,0,0,0,0,0,0,0,0,0,0,0,0,0,0,0,0,0,0,0,0,0,0,0,0,0,0,0,0,0,0,0
HTR_54_ak,19.77122222,-31.42597222,208,30.1,12.69999981,3,1173,187,15.89999962,21.61776161,0.09487199,0,0,0,0,0,0,0,2.5,0,5,0,0,0,0,0,0,0,0,0,0,0,0,0,0,0,0,0,0,0,0,0,0,0,0,0,0,0,0,5,0,0,0,0,0,0,0,0,0,0,0,0,0
HTR_55,19.51188889,-31.30133333,196,31,15.19999981,4.599999905,714,221,18.79999924,36.84931564,0.102344036,0,10,0,0,0,0,0,0,0,12.5,0,0,0,0,0,0,0,0,0,0,0,0,0,0,0,0,0,0,0,0,0,0,0,0,0,0,0,0,0,0,0,0,0,0,0,0,0,0,0,0,0,0
HTR_55_ak,19.77233333,-31.42663889,208,30.1,12.69999981,3,1147,200,15.89999962,21.61776161,0.09487199,0,0,0,0,0,0,2.5,2.5,0,27.5,0,0,0,0,0,0,2.5,0,0,0,0,0,0,2.5,0,0,0,0,0,0,0,0,0,0,0,0,5,0,15,0,0,0,0,0,0,2.5,0,0,0,0,0,0
HTR_56,19.52661111,-31.24852778,194,31,15.10000038,4.699999809,628,224,18.70000076,19.71900749,0.118131757,0,2.5,0,0,0,0,0,0,0,15,0,0,0,0,0,0,0,0,0,0,2.5,0,0,0,0,0,0,0,0,0,0,0,0,0,0,0,0,0,2.5,0,0,0,0,0,0,0,0,0,0,0,0,0
HTR_56_ak,19.78097222,-31.41447222,231,30.1,12.60000038,2.099999905,1115,209,15.60000038,26.60407829,0.071878642,0,0,0,0,2.5,0,2.5,2.5,0,25,0,0,0,0,0,0,0,0,0,0,0,2.5,2.5,0,0,0,2.5,0,0,0,2.5,0,0,0,0,0,5,0,17.5,2.5,0,0,0,0,0,0,0,0,0,0,0,0
HTR_57,19.58055556,-31.21269444,196,31,16.39999962,4.5,620,226,19.10000038,28.07585907,0.082133353,0,5,0,0,0,0,0,0,0,7.5,0,0,0,0,0,0,0,0,0,0,5,0,0,0,0,0,0,0,0,0,0,0,0,0,0,0,0,0,0,0,0,0,0,0,0,0,0,0,0,0,0,0
HTR_57_ak,19.78275,-31.41461111,231,30.1,12.60000038,2.099999905,1154,188,15.60000038,15.04734612,0.193952397,0,37.5,0,0,0,0,0,0,0,20,0,0,0,0,0,0,0,0,0,0,0,2.5,0,0,0,0,0,0,0,0,0,0,0,0,0,0,2.5,0,0,0,0,0,0,0,0,0,0,2.5,0,0,0,0
HTR_58,19.598,-31.20655556,204,31,16.39999962,4.5,606,189,19.20000076,17.70544434,0.096700333,0,7.5,0,0,0,0,0,0,0,15,0,0,0,0,0,0,0,0,0,0,0,0,0,0,0,0,0,0,0,0,0,0,0,0,0,0,0,0,0,0,0,0,0,0,0,0,0,0,0,0,0,0
HTR_58_ak,19.78344444,-31.41466667,231,30.1,12.60000038,2.099999905,1176,187,15.60000038,15.04734612,0.193952397,0,0,0,0,0,0,0,0,0,12.5,0,0,0,0,0,0,0,0,2.5,0,0,5,0,0,0,0,2.5,0,0,0,2.5,0,0,0,0,0,2.5,0,2.5,0,0,0,0,0,0,0,2.5,0,0,0,0,0
HTR_59,19.63783333,-31.18211111,206,31,16.39999962,4.400000095,646,216,19.20000076,46.0908699,0.074376419,0,5,11.25,0,0,0,0,0,0,2.5,0,0,0,0,0,0,0,0,0,0,0,0,0,0,0,0,0,0,0,0,0,0,0,0,0,0,0,0,0,0,0,0,0,0,0,0,0,0,0,0,0,0
HTR_59_ak,19.78363889,-31.41369444,231,30.1,12.60000038,2.099999905,1218,205,15.60000038,15.04734612,0.193952397,0,2.5,0,0,2.5,0,0,0,0,25,0,0,0,0,0,0,0,0,2.5,0,0,0,0,0,0,0,2.5,0,0,0,2.5,0,0,0,0,0,2.5,0,5,0,0,0,0,0,2.5,0,0,2.5,0,0,0,2.5
HTR_6,19.47680556,-31.45755556,213,30.1,14.60000038,4.099999905,843,224,17.5,61.73044586,0.115974061,0,7.5,0,0,0,0,0,0,0,10,0,0,0,0,0,0,0,0,0,0,0,0,0,0,0,0,0,0,0,0,5,0,2.5,0,0,0,0,0,2.5,0,0,0,0,0,0,0,0,2.5,0,0,0,2.5
HTR_6_ak,19.77672222,-31.44961111,209,30.1,13.10000038,3.299999952,1048,215,16.20000076,69.63700104,0.076032326,0,5,0,0,0,0,0,0,0,15,0,0,0,0,0,0,0,0,0,0,0,0,2.5,2.5,0,0,0,0,0,0,5,0,0,0,0,0,5,0,0,0,0,0,0,0,0,0,0,0,0,0,0,0
HTR_6_nieu,19.07369,-31.4326,323,43.4,14,5.400000095,733,215,17.10000038,9.681078911,0.052209314,0,0,0,0,0,0.2,0,0,0,1.2,0,0,0,0,0,0,0,0,0,4,0,0,0.3,0,0,0,0,0,0,0,0,0,0,0,0,0.3,0,0,0.6,0,5,56,0,0,0,0,0,0,0,45,0,0
HTR_60,19.65544444,-31.16361111,194,31,16.39999962,4.300000191,678,219,19.10000038,42.70497513,0.07557299,0,7.5,2.5,0,0,0,0,0,0,0,0,0,0,0,0,0,0,0,0,0,0,0,0,0,0,0,0,0,0,0,0,0,0,0,0,0,0,0,0,0,0,0,0,0,0,0,0,0,0,0,0,0
HTR_60_ak,19.78355556,-31.41263889,231,30.1,12.60000038,2.099999905,1229,204,15.60000038,15.04734612,0.193952397,0,0,0,0,0,0,0,0,0,25,0,0,2.5,0,0,0,2.5,0,0,0,0,2.5,0,0,0,0,0,0,0,0,2.5,0,0,0,0,0,0,0,2.5,0,0,0,0,0,0,0,0,2.5,0,0,0,0
HTR_61_ak,19.78283333,-31.41302778,231,30.1,12.60000038,2.099999905,1181,206,15.60000038,15.04734612,0.193952397,0,2.5,0,0,2.5,0,2.5,0,0,17.5,0,0,0,0,0,0,0,0,2.5,0,0,2.5,0,0,0,0,2.5,0,0,0,2.5,0,0,0,0,0,2.5,0,2.5,0,0,0,0,0,0,0,15,0,0,0,0,0
HTR_62,19.78094444,-31.135,202,31.2,14.10000038,3.799999952,820,216,17.10000038,53.86261368,0.092006072,0,8.75,0,0,0,0,0,0,0,0,0,0,0,0,0,0,0,0,0,0,0,0,0,0,0,0,0,0,0,0,0,0,0,0,0,0,0,0,0,0,0,0,0,0,0,0,0,0,0,0,0,0
HTR_62_ak,19.76241667,-31.43525,208,30.1,12.69999981,3,1103,205,15.89999962,48.05262756,0.073131569,0,2.5,0,0,0,0,0,0,0,25,0,0,0,0,0,0,2.5,0,0,0,0,0,0,0,0,2.5,0,0,0,0,0,0,0,0,0,0,5,0,2.5,0,0,0,0,0,0,0,0,0,0,0,0,0
HTR_63,19.80852778,-31.12238889,196,31.2,13.5,3.400000095,880,218,16.60000038,96.02600861,0.112798557,0,5,0,0,0,0,0,0,0,7.5,0,0,0,0,0,0,0,0,0,0,0,0,0,0,0,0,0,0,0,0,0,0,0,0,0,0,0,0,0,0,0,0,0,0,0,0,0,0,0,0,0,2.5
HTR_63_ak,19.75852778,-31.43519444,208,30.1,12.69999981,3,1121,218,15.89999962,48.05262756,0.073131569,0,0,0,0,0,0,0,2.5,0,7.5,0,0,0,0,0,0,2.5,0,0,0,0,2.5,2.5,2.5,0,0,0,0,0,0,0,0,0,0,0,0,5,0,2.5,0,0,0,0,0,0,0,0,0,2.5,0,0,0
HTR_64,19.83933333,-31.12519444,197,31.2,13.5,3.299999952,975,220,16.60000038,53.60046387,0.114569753,0,5,0,0,0,0,0,0,0,10,0,0,0,0,0,0,0,0,0,0,0,0,0,0,0,0,0,0,0,0,0,0,0,0,0,0,0,0,2.5,0,0,0,0,0,0,0,0,0,0,0,0,0
HTR_64_ak,19.75511111,-31.43541667,211,30.1,11.89999962,2,1148,214,15.10000038,22.09578323,0.086036623,0,0,0,0,0,0,0,2.5,0,22.5,0,0,0,0,2.5,0,2.5,0,0,0,0,2.5,0,2.5,0,0,0,0,0,0,0,0,0,0,0,0,2.5,0,0,0,0,0,0,0,0,0,0,0,2.5,0,0,2.5
HTR_65,19.86266667,-31.13055556,197,31.2,13.30000019,3,958,214,16.39999962,56.68614197,0.107180305,0,7.5,0,0,0,0,0,2.5,0,0,0,0,0,0,0,0,0,0,0,0,0,0,2.5,0,0,0,0,0,0,0,2.5,0,0,0,0,0,0,0,2.5,0,0,0,0,0,0,2.5,0,2.5,0,0,0,0
HTR_65_ak,19.75288889,-31.43563889,211,30.1,11.89999962,2,1173,220,15.10000038,22.09578323,0.086036623,0,0,0,2.5,2.5,0,0,2.5,2.5,50,0,0,0,0,0,0,5,0,2.5,0,0,0,0,0,0,0,0,0,0,0,0,0,0,0,0,0,5,0,5,0,0,0,0,0,0,0,0,0,0,0,0,0
HTR_66,19.87708333,-31.146,202,31.2,13.60000038,3.299999952,935,213,16.70000076,58.35225677,0.107695743,0,0,0,0,0,0,0,2.5,0,2.5,0,0,0,0,0,0,0,0,0,0,0,0,0,0,0,0,0,0,0,0,0,0,0,0,0,0,0,0,2.5,0,0,0,0,0,0,2.5,0,0,0,0,0,2.5
HTR_66_ak,19.75077778,-31.43722222,211,30.1,11.89999962,2,1223,244,15.10000038,22.09578323,0.086036623,0,0,0,0,2.5,0,0,2.5,0,12.5,0,0,0,0,0,0,0,0,0,0,0,0,0,0,0,0,2.5,0,0,0,2.5,0,0,0,0,0,0,0,7.5,0,0,0,0,0,0,2.5,2.5,5,0,0,0,0
HTR_67,19.81141667,-31.21919444,207,31.2,13.5,3.299999952,890,226,16.60000038,83.84725189,0.114232421,0,2.5,0,0,0,0,0,0,0,7.5,0,0,0,0,0,0,0,0,0,0,0,0,0,0,0,0,0,0,0,0,0,0,0,0,0,0,0,0,0,0,0,0,0,0,0,0,0,0,0,0,0,0
HTR_67_ak,19.74925,-31.43808333,211,30.1,11.89999962,2,1254,231,15.10000038,22.09578323,0.086036623,0,17.5,0,0,0,0,0,0,0,10,0,0,0,0,0,0,0,0,0,0,0,0,0,0,0,0,0,0,0,0,0,0,0,0,0,0,2.5,0,2.5,0,0,0,0,0,0,2.5,0,2.5,0,0,0,0
HTR_68,19.74702778,-31.27430556,205,31.2,13.80000019,3.200000048,884,224,16.89999962,57.65689468,0.108870521,0,2.5,0,0,0,0,0,2.5,0,17.5,0,2.5,0,0,0,0,0,0,0,0,2.5,0,0,0,0,0,0,0,0,0,0,0,0,0,0,0,0,2.5,0,0,0,0,0,0,0,2.5,0,0,0,0,0,0
HTR_68_ak,19.74763889,-31.43813889,211,30.1,11.89999962,2,1289,212,15.10000038,23.70158768,0.111616671,0,2.5,0,0,2.5,0,0,2.5,0,72.5,0,0,0,0,0,0,0,0,2.5,0,0,0,0,0,0,0,0,0,0,0,2.5,0,0,0,0,0,5,0,2.5,0,0,0,0,0,0,2.5,0,2.5,0,0,0,0
HTR_69,19.74344444,-31.49730556,222,30.1,13.30000019,3,979,220,16.10000038,77.93558502,0.118990354,0,10,0,0,0,0,0,2.5,0,7.5,2.5,2.5,0,0,0,0,0,0,0,0,0,0,0,0,0,0,0,0,0,0,0,0,0,0,0,0,0,0,0,0,0,0,0,0,0,0,0,0,0,0,0,0
HTR_69_ak,19.74583333,-31.43663889,211,30.1,11.89999962,2,1301,223,15.10000038,23.70158768,0.111616671,0,2.5,0,0,0,0,0,0,0,52.5,0,0,0,0,0,0,2.5,0,0,0,0,0,0,0,0,0,0,0,0,0,2.5,0,0,0,0,0,0,0,2.5,0,0,0,0,0,0,0,0,2.5,0,0,0,0
HTR_7,19.45408333,-31.46044444,210,30.1,15.10000038,4,863,216,18.20000076,49.50683975,0.117185406,0,5,0,0,0,0,0,0,0,5,0,2.5,0,0,0,0,0,0,0,0,0,2.5,0,0,0,0,0,0,0,0,0,0,0,0,0,0,0,0,2.5,0,0,0,0,0,0,2.5,0,0,0,0,0,0
HTR_7_ak,19.77811111,-31.45011111,209,30.1,13.10000038,3.299999952,1044,197,16.20000076,69.63700104,0.076032326,0,10,0,0,0,0,0,0,0,10,0,0,2.5,0,0,0,2.5,0,0,0,2.5,0,0,5,0,2.5,0,0,0,0,2.5,0,0,0,0,0,5,0,2.5,0,0,0,0,0,0,0,0,5,0,0,0,0
HTR_7_nieu,19.07603,-31.43571,320,43.4,13.89999962,5.300000191,738,218,17,11.92086506,0.052662488,0,0,0,0,0,0,0,0,0.3,20,0,0,0,0,0,0,0,0.5,0,0,0,0,0.3,0,0,0,0,0,0,0,0,0,0,0,0,0,1.7,0,0,0,3,68.5,1,10,0,0,0,0,0,1,0,0
HTR_70,19.65905556,-31.50191667,225,30.1,13.60000038,3.799999952,984,213,16.60000038,78.34526825,0.119368181,0,7.5,0,0,0,0,0,0,0,10,0,0,0,0,0,0,0,0,0,0,0,2.5,0,0,0,0,0,0,0,0,0,0,0,0,0,0,0,2.5,0,0,0,0,0,0,0,0,0,0,0,0,0,0
HTR_70_ak,19.74352778,-31.43572222,211,30.1,11.89999962,2,1343,159,15.10000038,23.70158768,0.111616671,0,2.5,0,0,2.5,0,0,0,0,50,0,0,0,0,0,0,0,0,0,0,0,0,0,0,0,0,0,0,0,0,0,0,0,0,0,0,0,0,0,0,0,0,0,0,0,0,0,0,0,0,0,0
HTR_71,19.60116667,-31.49536111,200,30.1,13.5,3.400000095,994,219,16.5,51.98021317,0.118118189,0,7.5,0,0,0,0,0,0,0,21.25,0,0,0,0,0,0,0,0,0,0,0,0,0,0,0,0,0,0,0,0,0,0,0,0,0,0,0,0,0,0,0,0,0,0,0,0,0,0,0,0,0,2.5
HTR_71_ak,19.74358333,-31.43458333,211,30.1,11.89999962,2,1377,155,15.10000038,23.70158768,0.111616671,0,0,0,0,0,0,0,0,0,35,0,0,0,0,0,0,0,0,0,0,0,2.5,2.5,0,0,0,2.5,0,0,0,0,0,0,0,0,0,2.5,0,5,0,0,0,0,0,0,0,0,0,0,0,0,0
HTR_72,20.14772222,-32.05211111,184,26.8,12.19999981,0.200000003,1191,218,14.60000038,38.52742767,0.12654613,0,0,0,0,0,0,0,0,0,31.25,2.5,0,0,0,0,0,0,0,0,0,0,0,0,0,0,0,0,0,0,0,0,0,0,0,0,0,0,0,0,0,0,0,0,0,0,0,0,0,0,0,0,0
HTR_72_ak,19.74255556,-31.43252778,211,30.1,11.89999962,2,1468,120,15.10000038,23.70158768,0.111616671,0,0,0,0,0,0,0,0,0,45,0,0,0,0,0,0,0,0,2.5,0,0,0,0,0,0,0,2.5,0,0,0,0,0,0,0,0,0,0,0,2.5,0,0,0,0,0,0,0,0,0,0,0,0,0
HTR_73,20.15897222,-32.03811111,221,26.8,12.10000038,0.200000003,1199,214,14.5,54.68339539,0.133991078,0,0,0,0,0,0,0,0,0,10,0,0,0,0,0,0,0,0,0,0,0,0,0,0,0,0,0,0,0,0,0,0,0,0,0,0,0,0,2.5,0,0,0,0,0,0,0,0,0,0,0,0,0
HTR_73_ak,19.74105556,-31.432,216,30.1,11.89999962,2,1556,184,15.10000038,28.27823257,0.176679835,0,15,0,0,0,0,0,2.5,0,20,2.5,0,0,0,0,0,2.5,0,0,0,0,0,0,0,0,0,0,0,0,0,0,0,0,0,0,0,0,0,2.5,0,0,0,0,0,0,0,0,0,0,0,0,0
HTR_74,20.17594444,-32.02483333,209,26.8,12.10000038,0.200000003,1201,220,14.5,49.56301498,0.132929295,0,2.5,2.5,0,0,0,0,0,0,10,0,0,0,0,0,0,0,0,0,0,0,0,0,0,0,0,0,0,0,0,0,0,0,0,0,0,0,0,2.5,0,0,0,0,0,0,0,0,0,0,0,0,0
HTR_74_ak,19.74202778,-31.42991667,211,30.1,11.89999962,2,1591,180,15.10000038,28.27823257,0.176679835,0,0,0,0,0,0,0,0,0,22.5,0,0,0,0,0,0,2.5,0,0,0,0,0,0,0,0,0,0,0,0,0,0,0,0,0,0,0,0,0,2.5,0,0,0,0,0,2.5,0,0,0,0,0,0,0
HTR_75,20.19697222,-32.01594444,213,13.5,12,0.100000001,1202,214,14.30000019,54.25430679,0.133334428,0,0,0,0,0,0,0,0,0,12.5,0,0,0,0,0,0,0,0,0,0,0,0,2.5,0,0,0,0,0,0,0,0,0,0,0,0,0,0,2.5,5,0,0,0,0,0,0,0,0,0,0,0,0,0
HTR_75_ak,19.74275,-31.42894444,211,30.1,11.89999962,2,1634,193,15.10000038,28.27823257,0.176679835,0,0,0,0,0,0,0,0,0,2.5,0,0,0,0,0,0,0,0,2.5,0,0,0,0,0,0,0,2.5,0,0,0,0,0,0,0,0,0,0,0,0,0,0,0,0,2.5,0,0,0,2.5,0,0,0,0
HTR_76,20.21263889,-31.98819444,247,13.5,11.80000019,0,1187,217,14.19999981,54.87574768,0.133936033,0,7.5,0,0,0,0,0,0,0,12.5,0,0,0,0,0,0,0,0,0,0,0,0,0,0,0,0,0,0,0,0,0,0,0,0,0,0,0,2.5,0,0,0,0,0,0,0,0,0,0,0,0,0,0
HTR_76_ak,19.74269444,-31.42775,211,30.1,11.89999962,2,1614,232,15.10000038,28.27823257,0.176679835,0,2.5,0,0,0,0,0,2.5,0,30,0,0,0,0,0,0,0,0,0,0,0,0,0,0,0,0,0,0,0,0,0,0,0,0,0,0,0,0,2.5,0,0,0,0,0,0,0,0,0,0,0,0,0
HTR_77,20.20488889,-31.95383333,182,13.5,12.30000019,0.200000003,1176,218,14.69999981,56.99428558,0.133237749,0,5,0,0,0,0,0,0,0,10,0,0,0,0,0,0,0,0,0,0,0,0,0,0,0,0,0,0,0,0,0,0,0,0,0,0,0,0,0,0,0,0,0,0,0,0,0,0,0,0,0,0
HTR_77_ak,19.74338889,-31.42183333,219,30.1,11.69999981,1.799999952,1541,219,14.89999962,25.91328049,0.182622403,0,0,0,0,0,0,0,2.5,0,32.5,0,0,0,0,0,0,0,0,0,0,0,0,0,0,0,0,2.5,0,0,0,0,0,0,0,0,0,0,0,20,0,0,0,0,0,0,0,0,2.5,0,0,0,0
HTR_78,20.20458333,-31.944,182,13.5,12.30000019,0.200000003,1202,213,14.69999981,58.85228348,0.130817935,0,5,0,0,0,0,0,0,0,15,0,0,0,0,0,0,0,0,0,0,2.5,0,0,0,0,0,0,0,0,0,0,0,0,0,0,0,0,0,0,0,0,0,0,0,0,0,0,0,0,0,0,0
HTR_78_ak,19.74313889,-31.42,219,30.1,11.69999981,1.799999952,1550,195,14.89999962,25.91328049,0.182622403,0,0,0,0,0,0,0,2.5,0,57.5,2.5,0,0,0,0,0,0,0,0,0,0,0,0,0,0,2.5,0,0,0,0,0,0,0,0,0,0,0,0,2.5,0,0,0,0,0,0,0,0,0,0,0,0,0
HTR_79,20.20302778,-31.939,172,13.5,12.39999962,0.600000024,1225,219,14.89999962,46.97950363,0.16499719,0,5,0,0,0,0,0,0,0,5,2.5,0,0,0,0,0,0,0,0,0,0,2.5,0,0,0,0,0,0,0,0,0,0,0,0,0,0,0,0,0,0,0,0,0,0,0,0,0,0,0,0,0,0
HTR_79_ak,19.74288889,-31.41655556,219,30.1,11.69999981,1.799999952,1563,183,14.89999962,25.91328049,0.182622403,0,0,0,0,0,0,0,0,0,2.5,0,0,0,0,0,0,0,0,2.5,0,0,0,0,0,0,2.5,2.5,0,0,0,0,0,0,0,0,0,0,0,2.5,0,0,0,0,2.5,0,0,0,0,0,0,0,0
HTR_8,19.44813889,-31.41975,219,35.2,13.89999962,4.199999809,847,220,17,59.72838974,0.116716616,0,2.5,0,0,2.5,0,2.5,2.5,2.5,15,0,0,0,0,0,0,0,0,0,0,0,2.5,2.5,0,0,0,0,0,0,0,0,0,0,0,0,0,0,0,0,0,0,0,0,0,0,0,0,0,0,0,0,0
HTR_8_ak,19.78055556,-31.44805556,209,30.1,13.10000038,3.299999952,1052,221,16.20000076,64.09658051,0.077641219,2.5,40,0,0,0,0,0,0,2.5,17.5,0,0,0,0,0,0,0,0,0,0,0,0,0,2.5,0,5,0,0,0,0,0,0,0,0,0,0,2.5,0,2.5,0,0,0,0,0,0,0,0,0,0,0,0,0
HTR_8_nieu,19.07554,-31.4367,320,43.4,13.89999962,5.300000191,736,214,17,11.92086506,0.052662488,0,0.2,0,0,0,0,0,0,0,0.2,0,0,0,0,0,0,0,0,0,8,0,0,0,0,0,0,0,0,0,0,0,0,0,0,0,0.2,0.5,0,0,2,15,61,1,4,2,0,0,0,0,0.5,0,0
HTR_80,20.21066667,-31.92844444,181,13.5,12,0.200000003,1199,216,14.39999962,41.71798325,0.113912314,0,5,0,0,0,0,0,0,0,15,0,0,0,0,0,0,0,0,0,0,0,0,0,0,0,0,0,0,0,0,0,0,0,0,0,0,0,0,0,0,0,0,0,0,0,0,0,0,0,0,0,0
HTR_80_ak,19.74458333,-31.41908333,219,30.1,11.69999981,1.799999952,1516,195,14.89999962,25.91328049,0.182622403,0,0,0,0,0,0,0,2.5,0,15,0,0,0,0,0,0,0,0,2.5,0,0,0,0,0,0,0,0,0,0,0,0,0,0,0,0,0,0,0,62.5,0,0,0,0,0,0,0,0,0,0,0,0,0
HTR_81,20.16388889,-32.05794444,243,26.8,12.10000038,0.200000003,1196,213,14.5,51.44105911,0.138809651,0,0,0,0,0,0,0,0,0,10,2.5,0,0,0,0,0,0,0,0,0,0,0,0,0,0,0,0,0,0,0,0,0,0,0,0,0,0,0,5,0,0,0,0,0,0,0,0,0,0,2.5,0,0
HTR_81_ak,19.75138889,-31.39794444,212,30.1,10.60000038,0.699999988,1595,199,13.89999962,22.67484474,0.109027117,0,0,0,0,0,0,0,2.5,0,0,0,0,0,0,0,0,2.5,0,0,0,0,0,0,0,0,0,2.5,0,0,0,2.5,0,0,0,0,0,0,0,2.5,0,0,0,0,0,0,0,0,0,0,37.5,0,0
HTR_82,20.13513889,-32.06441667,211,26.8,12.10000038,0.200000003,1210,217,14.5,31.71384239,0.113137186,0,5,0,0,0,0,0,0,0,7.5,0,0,0,0,0,0,0,0,0,0,0,0,2.5,0,0,0,0,0,0,0,0,0,0,0,0,0,0,2.5,7.5,0,0,0,0,0,2.5,0,0,2.5,0,0,0,0
HTR_82_ak,19.75072222,-31.39933333,212,30.1,10.60000038,0.699999988,1620,231,13.89999962,26.03505516,0.193453938,0,0,0,0,0,0,0,0,0,0,0,0,0,0,0,0,0,0,0,0,0,0,0,0,0,0,2.5,0,0,0,0,0,0,0,0,0,0,0,2.5,0,0,0,0,0,0,0,0,0,0,2.5,0,0
HTR_83,20.13047222,-32.10091667,342,26.8,12.30000019,0.400000006,1255,218,14.69999981,13.94714355,0.193881527,0,2.5,0,0,0,0,0,0,0,10,0,0,0,0,0,0,0,0,0,0,0,0,0,0,0,0,0,0,0,0,0,0,2.5,0,0,0,0,0,2.5,0,0,0,0,0,2.5,0,0,0,0,0,0,0
HTR_83_ak,19.75047222,-31.40061111,212,30.1,10.60000038,0.699999988,1638,226,13.89999962,26.03505516,0.193453938,0,0,0,0,0,0,0,0,0,2.5,0,0,0,0,0,0,2.5,0,0,0,0,0,0,0,0,0,2.5,0,0,0,0,0,0,0,0,0,0,0,37.5,0,0,0,0,0,0,0,0,0,0,2.5,0,0
HTR_84,20.12155556,-32.11647222,371,26.8,12.60000038,0.600000024,1234,208,15,16.87407112,0.190892398,0,2.5,0,0,0,0,0,0,0,5,2.5,0,0,0,0,0,0,0,0,0,0,0,2.5,0,0,0,0,0,0,0,0,0,0,0,0,0,0,2.5,40,0,0,0,0,0,0,0,0,0,0,0,0,0
HTR_84_ak,19.74958333,-31.40208333,212,30.1,10.60000038,0.699999988,1620,208,13.89999962,26.03505516,0.193453938,0,0,0,0,0,0,0,0,0,0,0,0,0,0,0,0,0,0,0,0,0,0,0,0,0,0,0,0,0,0,0,0,0,0,0,0,2.5,0,5,0,0,0,0,0,0,0,0,0,0,37.5,0,0
HTR_85,20.11658333,-32.12897222,314,26.8,13,0.899999976,1168,223,15.30000019,14.36752987,0.159154326,0,5,0,0,0,0,0,2.5,0,7.5,2.5,0,0,0,0,0,5,0,0,0,0,0,0,0,0,0,0,0,0,0,2.5,0,0,0,0,0,0,0,5,2.5,0,0,0,0,0,0,0,2.5,0,0,0,0
HTR_85_ak,19.74930556,-31.40363889,212,30.1,10.60000038,0.699999988,1608,205,13.89999962,26.03505516,0.193453938,0,0,0,0,0,0,0,0,0,2.5,0,0,0,0,0,0,0,0,0,0,0,0,0,0,0,0,0,0,0,0,0,0,0,0,0,0,0,0,0,0,0,0,0,0,0,0,0,0,0,15,0,0
HTR_86,20.11475,-32.12836111,314,26.8,13,0.899999976,1132,242,15.30000019,13.06165314,0.12518537,0,5,0,0,0,0,0,0,0,10,2.5,0,0,0,0,0,2.5,0,0,0,0,0,0,0,0,0,0,0,0,0,0,0,2.5,0,0,0,0,0,5,0,0,0,0,0,0,0,0,0,0,0,0,0
HTR_86_ak,19.74869444,-31.40397222,212,30.1,10.60000038,0.699999988,1607,200,13.89999962,26.73857117,0.129642338,0,0,0,0,0,0,0,0,0,0,0,0,0,0,0,0,0,0,0,0,0,0,0,0,0,0,0,0,0,0,0,0,0,0,0,0,0,0,0,0,0,0,0,2.5,0,0,0,0,0,2.5,0,0
HTR_87,20.10705556,-32.12475,349,26.8,13.69999981,1.5,971,150,16,13.06165314,0.12518537,0,5,0,0,2.5,0,0,0,0,15,0,0,0,0,0,0,2.5,0,0,0,0,0,0,0,0,0,0,0,0,0,0,0,0,0,0,0,0,0,0,0,0,0,0,0,0,0,0,0,0,0,0,0
HTR_87_ak,19.74513889,-31.40183333,212,30.1,10.60000038,0.699999988,1618,210,13.89999962,26.73857117,0.129642338,0,0,0,0,0,0,0,0,0,10,0,0,0,0,0,0,0,0,0,0,0,0,0,0,0,2.5,2.5,0,0,0,0,0,0,0,0,0,2.5,0,2.5,0,0,0,0,0,0,0,0,0,0,2.5,0,0
HTR_88,20.09722222,-32.12713889,331,26.8,14,1.899999976,868,170,16.39999962,12.91805553,0.108813778,0,2.5,0,0,0,0,0,2.5,0,5,0,0,2.5,0,0,0,2.5,0,0,0,0,0,0,0,0,0,0,0,0,0,0,0,0,18.75,0,0,0,0,2.5,0,0,0,0,0,0,2.5,0,0,0,0,0,0
HTR_88_ak,19.73463889,-31.45319444,210,30.1,13.10000038,3.299999952,1075,215,16.20000076,31.96157837,0.063651152,0,5,0,0,2.5,0,0,0,0,12.5,0,0,0,0,0,0,0,0,2.5,0,2.5,0,0,0,0,0,2.5,0,0,0,0,0,0,0,0,0,2.5,0,0,0,0,0,0,0,0,0,0,2.5,0,0,0,0
HTR_89,20.08716667,-32.12663889,365,26.8,15.69999981,3.200000048,777,216,18.10000038,14.74645042,0.083888456,0,10,0,0,0,0,0,0,0,12.5,0,0,0,0,0,0,0,0,0,0,0,0,0,0,0,2.5,0,0,0,0,0,0,0,0,0,0,0,0,2.5,0,0,0,0,0,0,0,0,0,0,0,0,0
HTR_89_ak,19.73338889,-31.45261111,210,30.1,13.10000038,3.299999952,1073,230,16.20000076,31.96157837,0.063651152,0,17.5,0,0,0,0,0,0,0,15,0,0,0,0,0,0,0,0,2.5,0,0,2.5,0,0,0,0,5,0,0,0,2.5,0,0,0,0,0,2.5,0,2.5,0,0,0,0,0,0,0,0,2.5,0,0,0,0
HTR_9,19.46666667,-31.42155556,216,30.1,14.39999962,3.900000095,923,208,17.29999924,32.01490402,0.096101075,0,7.5,0,0,0,0,0,0,0,15,0,2.5,0,0,0,0,0,0,0,0,0,0,0,0,0,0,0,0,0,0,0,0,0,0,0,0,0,0,2.5,0,0,0,0,0,0,0,0,0,0,0,0,2.5
HTR_9_ak,19.77686111,-31.44647222,209,30.1,13.10000038,3.299999952,1049,224,16.20000076,64.09658051,0.077641219,2.5,0,0,0,0,0,0,0,0,7.5,0,0,0,0,0,0,0,0,0,0,0,0,2.5,5,0,2.5,0,0,0,0,0,0,0,0,0,0,2.5,0,2.5,0,0,0,0,0,0,0,0,0,0,0,0,0
HTR_90_ak,19.73277778,-31.45102778,210,30.1,13.10000038,3.299999952,1079,207,16.20000076,31.96157837,0.063651152,0,5,0,0,0,0,0,2.5,0,30,0,0,2.5,0,2.5,0,2.5,0,0,0,2.5,0,0,0,0,0,0,0,0,0,0,0,0,0,0,0,5,0,5,0,0,0,0,0,0,0,0,0,0,0,0,0
HTR_91_ak,19.73894444,-31.45513889,210,30.1,13.10000038,3.299999952,1035,202,16.20000076,31.96157837,0.063651152,0,5,0,0,0,0,0,0,0,20,0,0,0,2.5,0,0,0,0,0,0,0,0,0,0,0,0,0,0,0,0,0,0,0,0,0,0,2.5,0,2.5,0,0,0,0,0,0,0,0,0,2.5,0,0,0
HTR_92_ak,19.74166667,-31.45772222,210,30.1,13,3.400000095,1014,215,16.20000076,33.66294098,0.11971458,0,7.5,0,0,0,0,0,0,0,12.5,0,0,0,2.5,0,0,0,0,0,0,0,0,0,0,0,0,0,0,0,0,2.5,0,0,0,0,0,5,0,2.5,0,0,0,0,0,0,0,0,0,0,0,0,2.5
HTR_93_ak,19.73663889,-31.4575,210,30.1,13.10000038,3.299999952,1051,200,16.20000076,37.20134735,0.092543177,0,7.5,0,0,0,0,2.5,5,0,17.5,2.5,0,0,0,0,0,0,0,0,0,2.5,0,0,0,0,0,0,0,0,0,0,0,0,0,0,0,2.5,0,5,0,0,0,0,0,0,0,0,0,0,0,0,0
HTR_94,20.022,-32.18902778,240,26.8,17.70000076,5,559,222,19.60000038,38.71258926,0.082210787,0,5,0,0,0,0,0,0,0,15,0,0,0,0,0,0,0,0,0,0,0,2.5,0,0,0,0,0,0,0,0,0,0,0,0,0,0,0,2.5,2.5,0,0,0,0,0,0,0,0,0,0,0,0,0
HTR_94_ak,19.73494444,-31.45788889,210,30.1,13.10000038,3.299999952,1081,202,16.20000076,37.20134735,0.092543177,0,2.5,0,2.5,0,0,0,2.5,0,30,0,0,0,0,0,0,0,0,0,0,2.5,2.5,0,0,0,0,0,0,0,0,0,0,0,0,0,0,2.5,0,2.5,0,0,0,0,0,0,0,0,0,0,0,0,0
HTR_95,19.99013889,-32.14511111,243,36.4,17.5,4.800000191,550,214,19.60000038,40.90826035,0.059942942,0,7.5,0,0,0,0,0,0,0,17.5,0,0,0,0,0,0,0,0,0,0,0,2.5,0,0,0,0,0,0,0,0,0,0,0,0,0,0,0,0,0,0,0,0,0,0,0,0,0,0,0,0,0,2.5
HTR_95_ak,19.73441667,-31.45727778,210,30.1,13.10000038,3.299999952,1089,203,16.20000076,37.20134735,0.092543177,0,2.5,0,0,2.5,0,2.5,2.5,0,20,0,0,0,0,0,0,0,0,2.5,0,2.5,0,0,0,0,0,0,0,0,0,2.5,0,0,0,0,0,2.5,0,5,0,0,0,0,0,0,2.5,0,0,0,0,2.5,0
HTR_96,19.96888889,-32.12291667,265,36.4,17.60000038,4.900000095,536,212,19.60000038,39.66469955,0.056801166,0,7.5,0,0,0,0,0,0,0,12.5,0,0,0,0,0,0,0,0,0,0,0,0,0,0,0,0,0,0,0,0,0,0,0,0,0,0,0,0,0,0,0,0,0,0,0,0,0,0,0,0,0,0
HTR_96_ak,19.73508333,-31.45644444,210,30.1,13.10000038,3.299999952,1081,200,16.20000076,31.96157837,0.063651152,0,0,0,2.5,0,0,2.5,2.5,0,30,0,0,0,0,0,0,0,0,0,0,2.5,0,2.5,0,0,0,0,0,0,0,2.5,0,0,0,0,0,0,0,5,0,0,0,0,0,0,2.5,0,0,0,0,0,0
HTR_97,19.84041667,-31.96472222,275,35.3,18,5.099999905,523,218,19.79999924,50.52454758,0.063925058,0,8.75,0,0,0,0,0,0,0,5,0,0,0,0,0,0,0,0,0,0,0,0,0,0,0,0,0,0,0,0,0,0,0,0,0,0,0,0,0,0,0,0,0,0,0,0,0,0,0,0,0,2.5
HTR_97_ak,19.77680556,-31.40855556,231,30.1,12.60000038,2.099999905,1127,202,15.60000038,26.60407829,0.071878642,0,15,0,0,0,0,0,0,0,12.5,0,0,0,0,0,0,0,0,0,0,0,0,0,0,0,0,0,0,0,0,0,0,0,0,0,0,2.5,0,2.5,0,0,0,0,0,0,0,0,2.5,0,0,0,0
HTR_98,20.17086111,-31.87458333,225,13.5,12.60000038,0.699999988,1170,214,15,47.56647491,0.135883629,0,7.5,0,0,0,0,0,2.5,0,10,2.5,0,0,0,0,0,0,0,0,0,0,0,0,0,0,0,0,0,0,0,0,0,0,0,0,0,0,0,2.5,0,0,0,0,0,0,0,0,0,0,0,0,0
HTR_98_ak,19.77638889,-31.40755556,224,30.1,11.89999962,1.5,1146,185,14.89999962,26.60407829,0.071878642,0,0,0,0,2.5,0,0,0,0,32.5,0,0,0,0,0,0,0,0,0,0,0,0,0,0,0,0,0,0,0,0,2.5,0,0,0,0,0,2.5,0,37.5,0,0,0,0,0,0,0,2.5,0,0,0,0,0
HTR_99,20.12333333,-31.85877778,262,13.5,12,0.300000012,1264,217,14.5,40.48763657,0.128823116,0,5,0,0,0,0,0,2.5,0,12.5,2.5,0,0,0,0,0,0,0,0,0,0,0,0,0,0,0,0,0,0,0,0,0,0,0,0,0,0,0,2.5,0,0,0,0,0,0,0,0,0,0,0,0,0
HTR_99_ak,19.77686111,-31.40741667,224,30.1,11.89999962,1.5,1140,185,14.89999962,26.60407829,0.071878642,0,0,0,0,5,0,0,2.5,0,7.5,0,0,0,0,0,0,0,0,0,0,0,0,0,0,0,0,0,0,0,0,15,0,0,0,0,0,2.5,0,2.5,2.5,0,0,0,0,0,0,2.5,0,0,0,0,0